Symbol,Company Name,Sector,Market Cap,First Trade Date
AAL,American Airlines Group Inc.,Industrials,8897553408,1127827800
AAME,Atlantic American Corporation,Financial Services,33251674,322151400
AAOI,"Applied Optoelectronics, Inc.",Technology,688683584,1380202200
AAON,"AAON, Inc.",Industrials,9192567808,724516200
AAPL,Apple Inc.,Technology,3369462923264,345479400
AAVL,Unavailable,Unavailable,Unavailable,1509629400
AAWW,Unavailable,Unavailable,Unavailable,Unavailable
ABCB,Ameris Bancorp,Financial Services,4289060608,769354200
ABCD,"Cambium Learning Group, Inc.",Unavailable,Unavailable,1260369000
ABCO,Unavailable,Unavailable,Unavailable,954167400
ABIO,Unavailable,Unavailable,Unavailable,Unavailable
ABMD,Unavailable,Unavailable,Unavailable,Unavailable
ACAD,ACADIA Pharmaceuticals Inc.,Healthcare,2456623616,1085664600
ACET,"Adicet Bio, Inc.",Healthcare,103001248,1516977000
ACFC,Unavailable,Unavailable,Unavailable,1096983000
ACFN,"Acorn Energy, Inc.",Technology,32409648,697818600
ACGL,Arch Capital Group Ltd.,Financial Services,36122722304,811085400
ACHC,"Acadia Healthcare Company, Inc.",Healthcare,3903044608,762791400
ACHN,Unavailable,Unavailable,Unavailable,Unavailable
ACIW,"ACI Worldwide, Inc.",Technology,5179474944,793636200
ACLS,"Axcelis Technologies, Inc.",Technology,2808049152,963322200
ACNB,ACNB Corporation,Financial Services,355964544,765466200
ACOR,Unavailable,Unavailable,Unavailable,Unavailable
ACRX,Unavailable,Unavailable,Unavailable,Unavailable
ACST,"Grace Therapeutics, Inc.",Healthcare,34171460,1328625000
ACTA,Actua Corporation,Unavailable,Unavailable,933859800
ACTG,Acacia Research Corporation,Industrials,460721280,1040049000
ACUR,"Acura Pharmaceuticals, Inc.",Healthcare,99002,511194600
ADBE,Adobe Inc.,Technology,212528562176,524323800
ADES,Unavailable,Unavailable,Unavailable,Unavailable
ADI,"Analog Devices, Inc.",Technology,111949234176,322151400
ADMA,"ADMA Biologics, Inc.",Healthcare,4514818048,1382016600
ADMP,Unavailable,Unavailable,Unavailable,Unavailable
ADP,"Automatic Data Processing, Inc.",Technology,117420949504,322151400
ADSK,"Autodesk, Inc.",Technology,61758414848,488813400
ADTN,"ADTRAN Holdings, Inc.",Technology,489653760,776525400
ADUS,Addus HomeCare Corporation,Healthcare,2285524736,1256736600
ADXS,"Ayala Pharmaceuticals, Inc.",Healthcare,1154294,1588944600
AEHR,"Aehr Test Systems, Inc.",Technology,357644960,871651800
AEIS,"Advanced Energy Industries, Inc.",Industrials,4127841536,816618600
AELTF,Adacel Technologies Limited,Technology,16564673,1337088600
AERI,Unavailable,Unavailable,Unavailable,Unavailable
AEY,Unavailable,Unavailable,Unavailable,Unavailable
AEZS,Unavailable,Unavailable,Unavailable,Unavailable
AFAM,Unavailable,Unavailable,Unavailable,538756200
AFCB,Athens Bancshares Corporation,Unavailable,Unavailable,1262874600
AFMD,Affimed N.V.,Healthcare,51119408,1410528600
AFSI,"AmTrust Financial Services, Inc.",Unavailable,Unavailable,1163428200
AGEN,Agenus Inc.,Healthcare,87366200,950020200
AGIO,"Agios Pharmaceuticals, Inc.",Healthcare,2558945024,1374672600
AGRX,Unavailable,Unavailable,Unavailable,Unavailable
AGTC,Unavailable,Unavailable,Unavailable,Unavailable
AGYS,"Agilysys, Inc.",Technology,2861851648,322151400
AHGP,Unavailable,Unavailable,Unavailable,1147267800
AHPI,Unavailable,Unavailable,Unavailable,Unavailable
AIMC,Unavailable,Unavailable,Unavailable,Unavailable
AIQ,Global X Artificial Intelligence & Technology ETF,Unavailable,Unavailable,1526477400
AIRT,"Air T, Inc.",Industrials,46092836,451665000
AJISF,"AJIS Co., Ltd.",Industrials,138184592,1363008600
AKAM,"Akamai Technologies, Inc.",Technology,15238969344,941203800
AKBA,"Akebia Therapeutics, Inc.",Healthcare,355386720,1395322200
ALCO,"Alico, Inc.",Consumer Defensive,186064960,105283800
ALDX,"Aldeyra Therapeutics, Inc.",Healthcare,318499776,1399037400
ALGN,"Align Technology, Inc.",Healthcare,15580321792,980865000
ALGT,Allegiant Travel Company,Industrials,1152881280,1165588200
ALIM,"Alimera Sciences, Inc.",Healthcare,301288480,1271943000
ALKS,Alkermes plc,Healthcare,4282925568,679671000
ALLT,Allot Ltd.,Technology,131235040,1163687400
ALNY,"Alnylam Pharmaceuticals, Inc.",Healthcare,35329187840,1086096600
ALOG,Analogic Corporation,Unavailable,Unavailable,94833000
ALSD,Unavailable,Unavailable,Unavailable,1431696600
AMAT,"Applied Materials, Inc.",Technology,151179198464,322151400
AMBA,"Ambarella, Inc.",Technology,2388555264,1349875800
AMBC,"Ambac Financial Group, Inc.",Financial Services,531813600,1367415000
AMCF,Andatee China Marine Fuel Services Corporation,Energy,1743490,1264516200
AMCX,AMC Networks Inc.,Communication Services,362045408,1308231000
AMD,"Advanced Micro Devices, Inc.",Technology,230211829760,322151400
AMED,"Amedisys, Inc.",Healthcare,3126399744,777130200
AMGN,Amgen Inc.,Healthcare,171591286784,424704600
AMKR,"Amkor Technology, Inc.",Technology,6412406272,894029400
AMNB,Unavailable,Unavailable,Unavailable,Unavailable
AMOT,Unavailable,Unavailable,Unavailable,Unavailable
AMPH,"Amphastar Pharmaceuticals, Inc.",Healthcare,2483862528,1403703000
AMRN,Amarin Corporation plc,Healthcare,241126320,733674600
AMRS,Unavailable,Unavailable,Unavailable,Unavailable
AMSC,American Superconductor Corporation,Industrials,1125994368,692548200
AMSWA,"Logility Supply Chain Solutions, Inc.",Technology,388512576,415290600
AMTX,"Aemetis, Inc.",Energy,125070992,1151415000
AMWD,American Woodmark Corporation,Consumer Cyclical,1414283648,522077400
AMX,"América Móvil, S.A.B. de C.V.",Communication Services,48561770496,981988200
AMZN,"Amazon.com, Inc.",Consumer Cyclical,2081233960960,863703000
ANAC,Unavailable,Unavailable,Unavailable,Unavailable
ANCB,Anchor Bancorp,Unavailable,Unavailable,1296052200
ANCX,Access National Corporation,Unavailable,Unavailable,1090243800
ANDE,"The Andersons, Inc.",Consumer Defensive,1539896192,824826600
ANGI,Angi Inc.,Communication Services,1171872128,1321540200
ANGO,"AngioDynamics, Inc.",Healthcare,271436448,1086096600
ANIK,"Anika Therapeutics, Inc.",Healthcare,244589456,736435800
ANIP,"ANI Pharmaceuticals, Inc.",Healthcare,1223741440,957533400
ANTH,"Anthera Pharmaceuticals, Inc.",Healthcare,617832,1267453800
ANY,Sphere 3D Corp.,Financial Services,21158064,1376314200
AOSL,Alpha and Omega Semiconductor Limited,Technology,986462400,1272547800
APDN,"Applied DNA Sciences, Inc.",Healthcare,2021772,1058275800
APEI,"American Public Education, Inc.",Consumer Defensive,267826720,1194618600
APOG,"Apogee Enterprises, Inc.",Industrials,1663279488,105283800
APTO,Aptose Biosciences Inc.,Healthcare,6888816,700756200
APWC,Asia Pacific Wire & Cable Corporation Limited,Industrials,34841380,1058275800
ARAY,Accuray Incorporated,Healthcare,175479504,1170945000
ARCB,ArcBest Corporation,Industrials,2365032960,705763800
ARCC,Ares Capital Corporation,Financial Services,13567596544,1096983000
ARCK,Unavailable,Unavailable,Unavailable,Unavailable
ARCW,Unavailable,Unavailable,Unavailable,Unavailable
ARDX,"Ardelyx, Inc.",Healthcare,1442440960,1403184600
ARII,"American Railcar Industries, Inc.",Unavailable,Unavailable,1137767400
ARIS,"Aris Water Solutions, Inc.",Utilities,946624960,1634909400
ARKR,Ark Restaurants Corp.,Consumer Cyclical,37719336,503332200
ARLP,"Alliance Resource Partners, L.P.",Energy,3376995072,934896600
AROW,Arrow Financial Corporation,Financial Services,482265216,338131800
ARRY,"Array Technologies, Inc.",Technology,1017904192,1602768600
ARTNA,Artesian Resources Corporation,Utilities,343210592,767539800
ASMB,"Assembly Biosciences, Inc.",Healthcare,107176504,1292596200
ASML,ASML Holding N.V.,Technology,265303834624,795277800
ASPS,Altisource Portfolio Solutions S.A.,Real Estate,33152158,1249565400
ASRV,"AmeriServ Financial, Inc.",Financial Services,44767304,475943400
ASTC,Astrotech Corporation,Technology,12184387,819556200
ASTE,"Astec Industries, Inc.",Industrials,729847168,519485400
ASTI,"Ascent Solar Technologies, Inc.",Technology,3408088,1661347800
ASUR,"Asure Software, Inc.",Technology,225157584,702653400
ASYS,"Amtech Systems, Inc.",Technology,77492456,429283800
ATAI,Atai Life Sciences N.V.,Healthcare,181222928,1624023000
ATAX,Unavailable,Unavailable,Unavailable,Unavailable
ATEC,"Alphatec Holdings, Inc.",Healthcare,1149738368,1150119000
ATHX,Unavailable,Unavailable,Unavailable,Unavailable
ATLC,Atlanticus Holdings Corporation,Financial Services,549682368,924874200
ATLO,Ames National Corporation,Financial Services,150888624,950625000
ATNM,"Actinium Pharmaceuticals, Inc.",Healthcare,53274024,1356618600
ATOS,"Atossa Therapeutics, Inc.",Healthcare,178574928,1352385000
ATRA,"Atara Biotherapeutics, Inc.",Healthcare,55094056,1413466200
ATRC,"AtriCure, Inc.",Healthcare,1633723008,1123248600
ATRO,Astronics Corporation,Industrials,615695232,322151400
ATSG,"Air Transport Services Group, Inc.",Industrials,1144232704,1058967000
ATVI,Unavailable,Unavailable,Unavailable,Unavailable
AUBN,"Auburn National Bancorporation, Inc.",Financial Services,76127728,807456600
AUDC,AudioCodes Ltd.,Technology,272716768,927898200
AUPH,Aurinia Pharmaceuticals Inc.,Healthcare,1046694208,1409751000
AVAV,"AeroVironment, Inc.",Industrials,6092495872,1169562600
AVEO,Unavailable,Unavailable,Unavailable,Unavailable
AVHI,Achari Ventures Holdings Corp. I,Financial Services,31460912,1637159400
AVID,Unavailable,Unavailable,Unavailable,Unavailable
AVNW,"Aviat Networks, Inc.",Technology,256699120,548429400
AWAY,Amplify Travel Tech ETF,Unavailable,Unavailable,1581604200
AWRE,"Aware, Inc.",Technology,32622744,839597400
AXAS,Unavailable,Unavailable,Unavailable,Unavailable
AXDX,"Accelerate Diagnostics, Inc.",Healthcare,45701240,765725400
AXGN,"Axogen, Inc.",Healthcare,611425728,535213800
AXTI,"AXT, Inc.",Technology,93857440,895757400
AZPN,"Aspen Technology, Inc.",Technology,14779183104,783178200
BANF,BancFirst Corporation,Financial Services,3590832128,638461800
BANR,Banner Corporation,Financial Services,2236239872,815236200
BANX,ArrowMark Financial Corp.,Financial Services,147646400,1383834600
BBBY,Unavailable,Unavailable,Unavailable,Unavailable
BBGI,"Beasley Broadcast Group, Inc.",Communication Services,19098044,950279400
BBLU,Ea Bridgeway Blue Chip ETF,Unavailable,Unavailable,1666013400
BBOX,Black Box Corporation,Unavailable,Unavailable,724516200
BBRG,Unavailable,Unavailable,Unavailable,1287667800
BBSI,"Barrett Business Services, Inc.",Industrials,948537152,739805400
BCBP,"BCB Bancorp, Inc.",Financial Services,202359760,1066224600
BCLI,Brainstorm Cell Therapeutics Inc.,Healthcare,9887035,1065533400
BCMXY,"Bank of Communications Co., Ltd.",Financial Services,66728402944,1610116200
BCOR,Unavailable,Unavailable,Unavailable,Unavailable
BCOV,Brightcove Inc.,Technology,92708256,1329489000
BCPC,Balchem Corporation,Basic Materials,5573770240,518189400
BCRX,"BioCryst Pharmaceuticals, Inc.",Healthcare,1744049024,762791400
BCS,Barclays PLC,Financial Services,45327396864,526656600
BDMS,"Rocky Mountain Dental Services Holdings, LLC",Unavailable,Unavailable,887207400
BDSI,"BioDelivery Sciences International, Inc.",Unavailable,577050112,1027603800
BEAT,"HeartBeam, Inc.",Healthcare,66139628,1636641000
BEBE,"bebe stores, inc.",Industrials,44415644,898090200
BECN,"Beacon Roofing Supply, Inc.",Industrials,5776625664,1095946200
BELFB,Bel Fuse Inc.,Technology,982717376,900077400
BFIN,BankFinancial Corporation,Financial Services,152394352,1119965400
BGCP,Unavailable,Unavailable,Unavailable,Unavailable
BGFV,Big 5 Sporting Goods Corporation,Consumer Cyclical,38589660,1025011800
BGMD,"BG Medicine, Inc.",Healthcare,545969,1296829800
BIDU,"Baidu, Inc.",Communication Services,31879591936,1123248600
BIIB,Biogen Inc.,Healthcare,25324505088,685114200
BIND,Unavailable,Unavailable,Unavailable,1110810600
BIOC,Unavailable,Unavailable,Unavailable,Unavailable
BIOS,Unavailable,Unavailable,Unavailable,Unavailable
BITRF,Biotron Limited,Healthcare,13083480,1363959000
BJRI,"BJ's Restaurants, Inc.",Consumer Cyclical,787021504,844867800
BKCC,Unavailable,Unavailable,Unavailable,Unavailable
BLCM,Unavailable,Unavailable,Unavailable,Unavailable
BLDP,Ballard Power Systems Inc.,Industrials,487694560,815841000
BLDR,"Builders FirstSource, Inc.",Industrials,20032417792,1119965400
BLFS,"BioLife Solutions, Inc.",Healthcare,1110546432,627748200
BLIN,"Bridgeline Digital, Inc.",Technology,11667712,1183123800
BLKB,"Blackbaud, Inc.",Technology,3941779712,1090848600
BLMN,"Bloomin' Brands, Inc.",Consumer Cyclical,1380757504,1344432600
BLRX,BioLineRx Ltd.,Healthcare,34063796,1311773400
BLUE,"bluebird bio, Inc.",Healthcare,90363920,1371648600
BMRC,Bank of Marin Bancorp,Financial Services,356075392,945959400
BMRN,BioMarin Pharmaceutical Inc.,Healthcare,12692828160,932995800
BNFT,Unavailable,Unavailable,Unavailable,Unavailable
BNSO,Unavailable,Unavailable,Unavailable,Unavailable
BOKF,BOK Financial Corporation,Financial Services,6760003072,684077400
BOSC,B.O.S. Better Online Solutions Ltd.,Technology,16882202,828455400
BOTJ,"Bank of the James Financial Group, Inc.",Financial Services,60244688,965914200
BPOP,"Popular, Inc.",Financial Services,6423536640,322151400
BRFH,"Barfresh Food Group, Inc.",Consumer Defensive,37307884,1337002200
BRID,Bridgford Foods Corporation,Consumer Defensive,80965328,322151400
BRKL,"Brookline Bancorp, Inc.",Financial Services,1004139008,890836200
BRKR,Bruker Corporation,Healthcare,8976150528,965395800
BSET,"Bassett Furniture Industries, Incorporated",Consumer Cyclical,129728800,322151400
BSF,Unavailable,Unavailable,Unavailable,831130200
BSPM,"Biostar Pharmaceuticals, Inc.",Healthcare,316463,1229610600
BSQR,Unavailable,Unavailable,Unavailable,Unavailable
BSRR,Sierra Bancorp,Financial Services,407356608,766675800
BSTG,Unavailable,Unavailable,Unavailable,Unavailable
BUR,Burford Capital Limited,Financial Services,2962183424,1603114200
BUSE,First Busey Corporation,Financial Services,1379719552,907680600
BV,"BrightView Holdings, Inc.",Industrials,1576982016,1530192600
BWEN,"Broadwind, Inc.",Industrials,40563432,1131633000
BWFG,"Bankwell Financial Group, Inc.",Financial Services,224755104,1270474200
BYBK,Unavailable,Unavailable,Unavailable,770391000
BYFC,Broadway Financial Corporation,Financial Services,63649900,821197800
CAAS,"China Automotive Systems, Inc.",Consumer Cyclical,140001280,1048516200
CAC,Camden National Corporation,Financial Services,613408576,876317400
CACC,Credit Acceptance Corporation,Financial Services,5054742528,707751000
CACH,"Cache, Inc.",Consumer Cyclical,198639,353255400
CAKE,The Cheesecake Factory Incorporated,Consumer Cyclical,2330955008,716823000
CALA,"Calithera Biosciences, Inc.",Healthcare,34107,1412256600
CALD,Unavailable,Unavailable,Unavailable,1069338600
CALL,magicJack VocalTec Ltd.,Unavailable,Unavailable,823703400
CAMP,Unavailable,Healthcare,196026256,1728653400
CAMT,Camtek Ltd.,Technology,3366625536,964791000
CAR,"Avis Budget Group, Inc.",Industrials,3283236864,432394200
CARA,"Cara Therapeutics, Inc.",Healthcare,16289440,1391178600
CARV,"Carver Bancorp, Inc.",Financial Services,8627974,783091800
CASH,"Pathward Financial, Inc.",Financial Services,1771122688,748531800
CASI,"CASI Pharmaceuticals, Inc.",Healthcare,92921216,834586200
CASS,"Cass Information Systems, Inc.",Industrials,579381760,836314200
CASY,"Casey's General Stores, Inc.",Consumer Cyclical,14312391680,435504600
CATY,Cathay General Bancorp,Financial Services,3277376768,661185000
CAVM,"Cavium, Inc.",Unavailable,Unavailable,1178112600
CBAN,"Colony Bankcorp, Inc.",Financial Services,263850144,891527400
CBAY,Unavailable,Unavailable,Unavailable,Unavailable
CBFC,"CNB Financial Services, Inc.",Financial Services,11402377,1269610200
CBFV,"CB Financial Services, Inc.",Financial Services,146561808,1065533400
CBNK,"Capital Bancorp, Inc.",Financial Services,423736896,1537968600
CBOE,"Cboe Global Markets, Inc.",Financial Services,21984059392,1276608600
CBRL,"Cracker Barrel Old Country Store, Inc.",Consumer Cyclical,1043158016,373818600
CBSH,"Commerce Bancshares, Inc.",Financial Services,8042944512,322151400
CCBG,"Capital City Bank Group, Inc.",Financial Services,592793600,770909400
CCF,Unavailable,Unavailable,Unavailable,Unavailable
CCIH,ChinaCache International Holdings Ltd.,Unavailable,Unavailable,1285939800
CCLP,Unavailable,Unavailable,Unavailable,Unavailable
CCNE,CNB Financial Corporation,Financial Services,530746016,765466200
CCOI,"Cogent Communications Holdings, Inc.",Communication Services,3999477760,1012919400
CCRN,"Cross Country Healthcare, Inc.",Healthcare,383051424,1004016600
CCUR,"CCUR Holdings, Inc.",Technology,9122500,460906200
CCXI,Unavailable,Unavailable,Unavailable,Unavailable
CDNA,"CareDx, Inc",Healthcare,1194033536,1405603800
CDNS,"Cadence Design Systems, Inc.",Technology,77366853632,550330200
CDTI,"CDTi Advanced Materials, Inc.",Consumer Cyclical,1845533,819988200
CDW,CDW Corporation,Technology,25104273408,1372339800
CDXS,"Codexis, Inc.",Healthcare,284822656,1271943000
CDZI,Cadiz Inc.,Utilities,237636704,599841000
CECE,Unavailable,Unavailable,Unavailable,Unavailable
CECO,CECO Environmental Corp.,Industrials,820957120,344615400
CEMI,Unavailable,Unavailable,Unavailable,Unavailable
CENT,Central Garden & Pet Company,Consumer Defensive,2065425280,711207000
CENX,Century Aluminum Company,Basic Materials,1597767936,828109800
CERE,Unavailable,Unavailable,Unavailable,Unavailable
CERS,Cerus Corporation,Healthcare,282286816,854721000
CEVA,"CEVA, Inc.",Technology,560882112,1036161000
CFBK,CF Bankshares Inc.,Financial Services,161299776,915028200
CFFI,C&F Financial Corporation,Financial Services,202341568,894547800
CFFN,"Capitol Federal Financial, Inc.",Financial Services,829151168,922977000
CFNB,California First Leasing Corporation,Financial Services,207133920,544887000
CFRX,Unavailable,Unavailable,Unavailable,Unavailable
CG,The Carlyle Group Inc.,Financial Services,17790240768,1336051800
CGEN,Compugen Ltd.,Healthcare,153107248,966000600
CGNX,Cognex Corporation,Technology,6930921472,616944600
CGO,Calamos Global Total Return Fund,Financial Services,114765816,1130419800
CHCI,"Comstock Holding Companies, Inc.",Real Estate,113706896,1103034600
CHCO,City Holding Company,Financial Services,1719058048,551712600
CHDN,Churchill Downs Incorporated,Consumer Cyclical,10177823744,733415400
CHEF,"The Chefs' Warehouse, Inc.",Consumer Defensive,1579806720,1311859800
CHFN,Charter Financial Corporation,Unavailable,Unavailable,1003325400
CHI,Calamos Convertible Opportunities and Income Fund,Financial Services,855844480,1025184600
CHKP,Check Point Software Technologies Ltd.,Technology,18752102400,835968600
CHMG,Chemung Financial Corporation,Financial Services,225857952,915460200
CHNR,"China Natural Resources, Inc.",Industrials,6738321,807802200
CHRS,"Coherus BioSciences, Inc.",Healthcare,83296104,1415284200
CHRW,"C.H. Robinson Worldwide, Inc.",Industrials,11941754880,877008600
CHSCP,CHS Inc.,Consumer Defensive,Unavailable,1048516200
CHSYF,China Medical System Holdings Limited,Healthcare,2249064448,1365168600
CHTR,"Charter Communications, Inc.",Communication Services,52113412096,1262701800
CHUY,"Chuy's Holdings, Inc.",Consumer Cyclical,645874112,1343136600
CHW,Calamos Global Dynamic Income Fund,Financial Services,441303008,1185456600
CHY,Calamos Convertible and High Income Fund,Financial Services,914063616,1054215000
CIDM,Unavailable,Unavailable,Unavailable,Unavailable
CINF,Cincinnati Financial Corporation,Financial Services,21985703936,322151400
CIZN,Citizens Holding Company,Financial Services,49437020,940339800
CLDX,"Celldex Therapeutics, Inc.",Healthcare,1702265600,516547800
CLFD,"Clearfield, Inc.",Technology,516123872,523719000
CLIR,ClearSign Technologies Corporation,Industrials,43929988,1335360600
CLMT,"Calumet, Inc.",Energy,1814074880,1138285800
CLNE,Clean Energy Fuels Corp.,Energy,632298432,1180099800
CLRB,"Cellectar Biosciences, Inc.",Healthcare,82349992,1131633000
CLRI,"Cleartronic, Inc.",Technology,2667434,1225373400
CLRO,"ClearOne, Inc.",Technology,13662387,604938600
CLVS,Unavailable,Unavailable,Unavailable,Unavailable
CLWT,Euro Tech Holdings Company Limited,Industrials,11574450,858349800
CMCO,Columbus McKinnon Corporation,Industrials,916929152,825085800
CMCSA,Comcast Corporation,Communication Services,166684082176,322151400
CMCT,Creative Media & Community Trust Corporation,Real Estate,30115126,756138600
CME,CME Group Inc.,Financial Services,80521289728,1039185000
CMLS,Cumulus Media Inc.,Communication Services,15920028,1533648600
CMOXF,iShares Global Water Index ETF,Unavailable,Unavailable,1412343000
CMPR,Cimpress plc,Industrials,1792186880,1128087000
CMRX,"Chimerix, Inc.",Healthcare,88742216,1365687000
CMTL,Comtech Telecommunications Corp.,Technology,84002096,322151400
CNBZ,CNB Corporation,Financial Services,22398320,1178717400
CNCE,Unavailable,Unavailable,Unavailable,Unavailable
CNET,ZW Data Action Technologies Inc.,Communication Services,3917178,1250256600
CNMD,CONMED Corporation,Healthcare,2174719488,554045400
CNOB,"ConnectOne Bancorp, Inc.",Financial Services,934265664,765466200
CNSL,"Consolidated Communications Holdings, Inc.",Communication Services,549733248,1122039000
CNTY,"Century Casinos, Inc.",Consumer Cyclical,101559408,752941800
CNXR,Unavailable,Unavailable,Unavailable,1418394600
COBZ,CoBiz Financial Inc.,Unavailable,Unavailable,898176600
COCO,"The Vita Coco Company, Inc.",Consumer Defensive,1813718784,1634823000
COHR,Coherent Corp.,Technology,14248770560,560179800
COHU,"Cohu, Inc.",Technology,1283251072,322151400
COLB,"Columbia Banking System, Inc.",Financial Services,5944422912,708701400
COLM,Columbia Sportswear Company,Consumer Cyclical,4704653312,891009000
COMM,"CommScope Holding Company, Inc.",Technology,1473728768,1382707800
CONN,Unavailable,Unavailable,Unavailable,Unavailable
CORI,"Corium International, Inc.",Unavailable,Unavailable,1396531800
CORT,Corcept Therapeutics Incorporated,Healthcare,4989385216,1081949400
COST,Costco Wholesale Corporation,Consumer Defensive,388713250816,521299800
CPHC,Canterbury Park Holding Corporation,Consumer Cyclical,93598024,1220880600
CPICQ,Unavailable,Unavailable,Unavailable,396883800
CPIX,Cumberland Pharmaceuticals Inc.,Healthcare,15786960,1249997400
CPLA,Capella Education Company,Unavailable,Unavailable,1163169000
CPLP,Unavailable,Unavailable,Unavailable,Unavailable
CPRT,"Copart, Inc.",Industrials,49604177920,763914600
CPRX,"Catalyst Pharmaceuticals, Inc.",Healthcare,2598080256,1162996200
CPSI,Unavailable,Unavailable,Unavailable,Unavailable
CPSS,"Consumer Portfolio Services, Inc.",Financial Services,207224016,719760600
CRAI,"CRA International, Inc.",Industrials,1262110848,893424600
CREG,Smart Powerr Corp.,Utilities,6570888,1103725800
CRIS,"Curis, Inc.",Healthcare,24991968,965136600
CRMT,"America's Car-Mart, Inc.",Consumer Cyclical,314660480,542644200
CRNT,Ceragon Networks Ltd.,Technology,212958832,965395800
CROX,"Crocs, Inc.",Consumer Cyclical,6190152192,1139409000
CRTN,"Cartesian, Inc.",Unavailable,Unavailable,943367400
CRTO,Criteo S.A.,Communication Services,1845292672,1383139800
CRUS,"Cirrus Logic, Inc.",Technology,5891255296,613402200
CRVS,"Corvus Pharmaceuticals, Inc.",Healthcare,569216832,1458739800
CRWS,"Crown Crafts, Inc.",Consumer Cyclical,46913688,1065533400
CS,Unavailable,Unavailable,Unavailable,Unavailable
CSBK,Unavailable,Unavailable,Unavailable,1078410600
CSBR,"Champions Oncology, Inc.",Healthcare,54375200,1170426600
CSCO,"Cisco Systems, Inc.",Technology,221224108032,635178600
CSGP,"CoStar Group, Inc.",Real Estate,29722099712,899299800
CSGS,"CSG Systems International, Inc.",Technology,1374549376,825517800
CSII,Unavailable,Unavailable,Unavailable,Unavailable
CSIQ,Canadian Solar Inc.,Technology,1000564480,1163082600
CSPI,CSP Inc.,Technology,119114336,381162600
CSQ,Calamos Strategic Total Return Fund,Financial Services,2769590016,1080829800
CSTE,Caesarstone Ltd.,Industrials,139880128,1332423000
CSWC,Capital Southwest Corporation,Financial Services,1143527040,322151400
CTAS,Cintas Corporation,Industrials,82926338048,430147800
CTBI,"Community Trust Bancorp, Inc.",Financial Services,936001344,567786600
CTG,Unavailable,Unavailable,Unavailable,Unavailable
CTHR,"Charles & Colvard, Ltd.",Consumer Cyclical,3695316,879517800
CTIB,Unavailable,Unavailable,Unavailable,Unavailable
CTIC,Unavailable,Unavailable,Unavailable,Unavailable
CTRE,"CareTrust REIT, Inc.",Real Estate,5549836288,1401370200
CTRN,"Citi Trends, Inc.",Consumer Cyclical,162399168,1116423000
CTSH,Cognizant Technology Solutions Corporation,Technology,36993429504,898263000
CTSO,Cytosorbents Corporation,Healthcare,54429600,1155043800
CUBA,The Herzfeld Caribbean Basin Fund Inc.,Financial Services,40377852,769440600
CUTR,"Cutera, Inc.",Healthcare,11880144,1080743400
CVCO,"Cavco Industries, Inc.",Consumer Cyclical,3693391616,1057066200
CVCY,Unavailable,Unavailable,Unavailable,Unavailable
CVGI,"Commercial Vehicle Group, Inc.",Consumer Cyclical,103850416,1092058200
CVGW,"Calavo Growers, Inc.",Consumer Defensive,481177248,1027344600
CVLT,"Commvault Systems, Inc.",Technology,6807700992,1158931800
CVLY,Unavailable,Unavailable,Unavailable,Unavailable
CVV,CVD Equipment Corporation,Industrials,20301428,920298600
CWAY,"Coastway Bancorp, Inc.",Unavailable,Unavailable,1389796200
CWBC,Community West Bancshares,Financial Services,352577632,920903400
CWCO,Consolidated Water Co. Ltd.,Utilities,374485920,791044200
CWST,"Casella Waste Systems, Inc.",Industrials,6289582592,878135400
CXDC,Unavailable,Unavailable,Unavailable,Unavailable
CYAN,Cyanotech Corporation,Consumer Defensive,4078840,674832600
CYBE,Unavailable,Unavailable,Unavailable,Unavailable
CYBR,CyberArk Software Ltd.,Technology,12033257472,1411565400
CYCC,"Cyclacel Pharmaceuticals, Inc.",Healthcare,1348543,1079447400
CYH,"Community Health Systems, Inc.",Healthcare,583581568,960557400
CYIO,CYIOS Corporation,Industrials,2948186,912522600
CYRN,Unavailable,Unavailable,Unavailable,Unavailable
CYTK,"Cytokinetics, Incorporated",Healthcare,6097141248,1083331800
CZNC,Citizens & Northern Corporation,Financial Services,289014368,765552600
CZR,"Caesars Entertainment, Inc.",Consumer Cyclical,8333466112,1411392600
CZWI,"Citizens Community Bancorp, Inc.",Financial Services,141339616,1080657000
DAIO,Data I/O Corporation,Technology,24751596,599841000
DAKT,"Daktronics, Inc.",Technology,605962688,760890600
DARA,Unavailable,Unavailable,Unavailable,1212067800
DAVE,Dave Inc.,Technology,484090112,1619443800
DBVT,DBV Technologies S.A.,Healthcare,80641528,1413984600
DCOM,"Dime Community Bancshares, Inc.",Financial Services,1166729600,916151400
DCTH,"Delcath Systems, Inc.",Healthcare,294008384,1525354200
DENN,Denny's Corporation,Consumer Cyclical,334152448,884269800
DERM,Journey Medical Corporation,Healthcare,127886824,1636727400
DFEL,China TMK Battery Systems Inc.,Industrials,11310983,1267108200
DGICA,Donegal Group Inc.,Financial Services,505046432,1057239000
DGII,Digi International Inc.,Technology,1057861504,623683800
DGLY,"Digital Ally, Inc.",Communication Services,3739505,1179322200
DHIL,"Diamond Hill Investment Group, Inc.",Financial Services,421951456,834067800
DIOD,Diodes Incorporated,Technology,2787309056,99153000
DISH,Unavailable,Unavailable,Unavailable,Unavailable
DJCO,Daily Journal Corporation,Technology,679665280,518880600
DLHC,DLH Holdings Corp.,Industrials,113746864,517757400
DLTR,"Dollar Tree, Inc.",Consumer Defensive,14318467072,794586600
DMFG,Decker Manufacturing Corporation,Industrials,29322048,1293805800
DMLP,"Dorchester Minerals, L.P.",Energy,1515346944,1044282600
DMRC,Digimarc Corporation,Technology,684388160,944145000
DORM,"Dorman Products, Inc.",Consumer Cyclical,3899831296,668788200
DOX,Amdocs Limited,Technology,10126900224,898263000
DRIV,Global X Autonomous & Electric Vehicles ETF,Unavailable,Unavailable,1523971800
DRRX,DURECT Corporation,Healthcare,41592796,970147800
DSGX,The Descartes Systems Group Inc.,Technology,9106786304,917447400
DSWL,"Deswell Industries, Inc.",Technology,40475408,806160600
DVAX,Dynavax Technologies Corporation,Healthcare,1543698304,1077201000
DWCH,Datawatch Corporation,Unavailable,Unavailable,707059800
DWSN,Dawson Geophysical Company,Energy,54646312,765552600
DXCM,"DexCom, Inc.",Healthcare,27478358016,1113485400
DXLG,"Destination XL Group, Inc.",Consumer Cyclical,156713216,549639000
DXM,Unavailable,Unavailable,Unavailable,1136212200
DXPE,"DXP Enterprises, Inc.",Industrials,794961024,894547800
DXYN,"The Dixie Group, Inc.",Consumer Cyclical,10912401,533313000
DYNT,Dynatronics Corporation,Healthcare,994011,437841000
DYSL,Dynasil Corporation of America,Technology,30755944,956151000
EA,Electronic Arts Inc.,Communication Services,39962890240,622301400
EAC,Unavailable,Unavailable,Unavailable,Unavailable
EBAY,eBay Inc.,Consumer Cyclical,27834689536,906643800
EBIX,Unavailable,Unavailable,Unavailable,Unavailable
EBMT,"Eagle Bancorp Montana, Inc.",Financial Services,130593352,955027800
EBTC,"Enterprise Bancorp, Inc.",Financial Services,398578784,1108391400
ECOL,Unavailable,Unavailable,Unavailable,Unavailable
ECPG,"Encore Capital Group, Inc.",Financial Services,1084810880,931527000
ECYT,"Endocyte, Inc.",Unavailable,Unavailable,1296829800
EDAP,EDAP TMS S.A.,Healthcare,106116864,870442200
EDF,Virtus Stone Harbor Emerging Markets Income Fund,Financial Services,148770000,1293460200
EDGW,"Edgewater Technology, Inc.",Unavailable,Unavailable,843831000
EDI,Unavailable,Unavailable,Unavailable,Unavailable
EDSFF,Exceed Company Ltd.,Consumer Cyclical,20547400,1196692200
EDUC,Educational Development Corporation,Communication Services,17635188,322237800
EEFT,"Euronet Worldwide, Inc.",Technology,4421363712,857745000
EFLVF,Unavailable,Unavailable,Unavailable,Unavailable
EFOI,"Energy Focus, Inc.",Consumer Cyclical,6628532,777216600
EFSC,Enterprise Financial Services Corp,Financial Services,1959224960,1058275800
EGAN,eGain Corporation,Technology,147743440,938093400
EGBN,"Eagle Bancorp, Inc.",Financial Services,787218816,931959000
EGHT,"8x8, Inc.",Technology,282326016,867850200
EGLE,Unavailable,Unavailable,Unavailable,Unavailable
EGRX,"Eagle Pharmaceuticals, Inc.",Healthcare,7127010,1392215400
EHTH,"eHealth, Inc.",Financial Services,142910240,1161351000
ELON,Echelon Corporation,Unavailable,Unavailable,901632600
ELTK,Eltek Ltd.,Technology,72384928,853943400
EMCF,Unavailable,Unavailable,Unavailable,Unavailable
EMF,Templeton Emerging Markets Fund,Financial Services,201304832,541348200
EMITF,Elbit Imaging Ltd.,Healthcare,12985166,849105000
EMKR,EMCORE Corporation,Technology,18133240,857658600
EML,The Eastern Company,Industrials,191960208,322151400
EMMS,Emmis Corporation,Communication Services,51666400,1009981800
ENBP,ENB Financial Corp,Financial Services,98606664,774624600
ENPH,"Enphase Energy, Inc.",Technology,11286839296,1333114200
ENSG,"The Ensign Group, Inc.",Healthcare,8842445824,1194618600
ENTA,"Enanta Pharmaceuticals, Inc.",Healthcare,232015168,1363872600
ENTG,"Entegris, Inc.",Technology,16162195456,963322200
ENTR,ERShares Private-Public Crossover ETF,Unavailable,Unavailable,1510065000
ENZN,"Enzon Pharmaceuticals, Inc.",Healthcare,5937168,445703400
EPAM,"EPAM Systems, Inc.",Technology,10773316608,1328711400
EQIX,"Equinix, Inc.",Real Estate,85710462976,966000600
ERIE,Erie Indemnity Company,Financial Services,21709719552,812640600
ERII,"Energy Recovery, Inc.",Industrials,1072774016,1215005400
ESCA,"Escalade, Incorporated",Consumer Cyclical,181376304,322151400
ESCR,Xtrackers Bloomberg US Investment Grade Corporate ESG ETF,Unavailable,Unavailable,1425393000
ESEA,Euroseas Ltd.,Industrials,289029632,1146835800
ESGR,Enstar Group Limited,Financial Services,4900679168,859905000
ESIO,"Electro Scientific Industries, Inc.",Unavailable,Unavailable,435331800
ESLT,Elbit Systems Ltd.,Industrials,10271297536,849105000
ESMC,Escalon Medical Corp.,Healthcare,1260606,716218200
ESPR,"Esperion Therapeutics, Inc.",Healthcare,398336736,1372253400
ESRX,Express Scripts Holding Company,Unavailable,Unavailable,708096600
ESSA,"ESSA Bancorp, Inc.",Financial Services,192498496,1175693400
ETOLF,"Enterprise Group, Inc.",Energy,92723320,1181050200
EVLV,"Evolv Technologies Holdings, Inc.",Industrials,373393472,1600781400
EVOK,"Evoke Pharma, Inc.",Healthcare,4751778,1380115800
EVOL,"Symbolic Logic, Inc.",Technology,9815480,894979800
EWBC,"East West Bancorp, Inc.",Financial Services,13493584896,918052200
EXAC,Unavailable,Unavailable,Unavailable,833463000
EXAS,Exact Sciences Corporation,Healthcare,12896946176,981037800
EXEL,"Exelixis, Inc.",Healthcare,9743954944,955978200
EXLS,"ExlService Holdings, Inc.",Technology,6700735488,1161351000
EXPD,"Expeditors International of Washington, Inc.",Industrials,16802699264,465053400
EXPE,"Expedia Group, Inc.",Consumer Cyclical,20750532608,1121952600
EXPO,"Exponent, Inc.",Industrials,4842425856,650899800
EXTR,"Extreme Networks, Inc.",Technology,1993917184,923664600
EZPW,"EZCORP, Inc.",Financial Services,632818688,683299800
FALC,"FalconStor Software, Inc.",Technology,10345025,998573400
FAM,First Trust/Abrdn Global Opportunity Income Fund,Financial Services,66032236,1101306600
FANG,"Diamondback Energy, Inc.",Energy,51466973184,1350048600
FARM,Farmer Bros. Co.,Consumer Defensive,39346172,322151400
FARO,"FARO Technologies, Inc.",Technology,344894880,874589400
FAST,Fastenal Company,Industrials,44816875520,556464600
FATE,"Fate Therapeutics, Inc.",Healthcare,276723552,1380634200
FBIZ,"First Business Financial Services, Inc.",Financial Services,358178976,1131546600
FBMS,"The First Bancshares, Inc.",Financial Services,1034306560,1041517800
FBP,First BanCorp.,Financial Services,3162806784,537546600
FCAP,"First Capital, Inc.",Financial Services,121895488,915460200
FCBC,"First Community Bankshares, Inc.",Financial Services,760169856,765811800
FCCO,First Community Corporation,Financial Services,182076688,920989800
FCEL,"FuelCell Energy, Inc.",Industrials,193936288,709479000
FCMGF,Firm Capital Mortgage Investment Corporation,Financial Services,299817984,1362493800
FCNCA,"First Citizens BancShares, Inc.",Financial Services,27107149824,530371800
FCT,First Trust Senior Floating Rate Income Fund II,Financial Services,267888864,1085578200
FDUS,Fidus Investment Corporation,Financial Services,659640960,1308663000
FEI,Unavailable,Unavailable,Unavailable,Unavailable
FEIM,"Frequency Electronics, Inc.",Technology,121212880,330183000
FELE,"Franklin Electric Co., Inc.",Industrials,4454521344,322151400
FFA,First Trust Enhanced Equity Income Fund,Financial Services,398962464,1093613400
FFBC,First Financial Bancorp.,Financial Services,2450178560,440865000
FFHL,Unavailable,Unavailable,Unavailable,Unavailable
FFIC,Flushing Financial Corporation,Financial Services,447079680,816964200
FFIN,"First Financial Bankshares, Inc.",Financial Services,5206919168,752164200
FFIV,"F5, Inc.",Technology,13489426432,928503000
FFKT,Farmers Capital Bank Corporation,Unavailable,Unavailable,534177000
FFNM,Unavailable,Unavailable,Unavailable,844781400
FFNW,"First Financial Northwest, Inc.",Financial Services,205102976,1192023000
FFWM,First Foundation Inc.,Financial Services,552535680,1415025000
FGEN,"FibroGen, Inc.",Healthcare,32017878,1415975400
FIBK,"First Interstate BancSystem, Inc.",Financial Services,3217433344,1269437400
FIF,Unavailable,Unavailable,Unavailable,Unavailable
FINL,Unavailable,Unavailable,Unavailable,708096600
FISI,"Financial Institutions, Inc.",Financial Services,368900160,930317400
FISV,Unavailable,Unavailable,Unavailable,1685453400
FITB,Fifth Third Bancorp,Financial Services,29174243328,322151400
FIVE,"Five Below, Inc.",Consumer Cyclical,5276620288,1342704600
FIVN,"Five9, Inc.",Technology,2313829376,1396618200
FIZZ,National Beverage Corp.,Consumer Defensive,4284612096,684768600
FLIC,The First of Long Island Corporation,Financial Services,282247136,537460200
FLL,"Full House Resorts, Inc.",Consumer Cyclical,178523488,745594200
FLXS,"Flexsteel Industries, Inc.",Consumer Cyclical,292899616,322151400
FMI,"Foundation Medicine, Inc.",Unavailable,Unavailable,1380115800
FMNB,Farmers National Banc Corp.,Financial Services,519272672,915460200
FMY,First Trust Mortgage Income Fund,Financial Services,50811912,1117114200
FNHC,Unavailable,Unavailable,Unavailable,Unavailable
FNLC,"The First Bancorp, Inc.",Financial Services,290630976,931959000
FNRG,Unavailable,Unavailable,Unavailable,Unavailable
FOLD,"Amicus Therapeutics, Inc.",Healthcare,3401899008,1180618200
FONR,FONAR Corporation,Healthcare,98517648,373213800
FORD,"Forward Industries, Inc.",Consumer Cyclical,3952841,785082600
FORM,"FormFactor, Inc.",Technology,2998839296,1055424600
FORR,"Forrester Research, Inc.",Industrials,278085408,849105000
FORTY,Formula Systems (1985) Ltd.,Technology,1294693248,877354200
FOSL,"Fossil Group, Inc.",Consumer Cyclical,68011904,734275800
FOXF,Fox Factory Holding Corp.,Consumer Cyclical,1418069248,1375968600
FRBA,First Bank,Financial Services,352616608,1287149400
FRBK,"Republic First Bancorp, Inc.",Financial Services,316849,595002600
FREE,Unavailable,Unavailable,Unavailable,Unavailable
FRGI,Unavailable,Unavailable,Unavailable,Unavailable
FRME,First Merchants Corporation,Financial Services,2170244096,614352600
FRPH,"FRP Holdings, Inc.",Real Estate,551884480,520695000
FRPT,"Freshpet, Inc.",Consumer Defensive,6482026496,1415370600
FRSH,Freshworks Inc.,Technology,3640196608,1632317400
FSBW,"FS Bancorp, Inc.",Financial Services,335356608,1341927000
FSD,Unavailable,Unavailable,Unavailable,Unavailable
FSFF,"First Suffield Financial, Inc.",Unavailable,Unavailable,1401715800
FSFG,"First Savings Financial Group, Inc.",Financial Services,185170448,1223472600
FSLR,"First Solar, Inc.",Technology,21940467712,1163773800
FSTR,L.B. Foster Company,Industrials,208495632,360941400
FTEK,"Fuel Tech, Inc.",Industrials,31322466,747408600
FTNT,"Fortinet, Inc.",Technology,60274753536,1258554600
FULT,Fulton Financial Corporation,Financial Services,3286143232,494602200
FUNC,First United Corporation,Financial Services,204925888,715527000
FUND,"Sprott Focus Trust, Inc.",Financial Services,230694448,581779800
FWP,Unavailable,Unavailable,Unavailable,Unavailable
FWRD,Forward Air Corporation,Industrials,948444608,753460200
GABC,"German American Bancorp, Inc.",Financial Services,1197271040,737991000
GAIA,"Gaia, Inc.",Communication Services,126955928,941203800
GAIN,Gladstone Investment Corporation,Financial Services,494930560,1119533400
GALE,Unavailable,Unavailable,Unavailable,1498138200
GALT,Galectin Therapeutics Inc.,Healthcare,155695248,1031146200
GAME,"GameSquare Holdings, Inc.",Communication Services,24081150,1516977000
GASS,StealthGas Inc.,Industrials,208323744,1128605400
GBCI,"Glacier Bancorp, Inc.",Financial Services,5860408832,448813800
GBDC,"Golub Capital BDC, Inc.",Financial Services,3990303488,1271338200
GBIM,"GlobeImmune, Inc.",Healthcare,2013060,1404307800
GBLI,"Global Indemnity Group, LLC",Financial Services,464586208,1071585000
GBLX,"GB Sciences, Inc.",Healthcare,81414,1072708200
GBNK,Guaranty Bancorp,Unavailable,Unavailable,1128346200
GCBC,"Greene County Bancorp, Inc.",Financial Services,475899072,930749400
GCRIF,Clean Energy Transition Inc.,Basic Materials,1821570,1272288600
GENC,"Gencor Industries, Inc.",Industrials,294326624,1058275800
GENE,Genetic Technologies Limited,Healthcare,3729772,1126013400
GEOS,Geospace Technologies Corporation,Energy,145867184,880122600
GERN,Geron Corporation,Healthcare,2477491712,838819800
GEVO,"Gevo, Inc.",Basic Materials,536415072,1297261800
GGAL,Grupo Financiero Galicia S.A.,Financial Services,7348251136,964531800
GIFI,"Gulf Island Fabrication, Inc.",Industrials,89848672,860164200
GIGM,GigaMedia Limited,Communication Services,15583602,950884200
GILD,"Gilead Sciences, Inc.",Healthcare,111439052800,696090600
GILT,Gilat Satellite Networks Ltd.,Technology,299909440,733156200
GK,AdvisorShares Gerber Kawasaki ETF,Unavailable,Unavailable,1625232600
GLAD,Gladstone Capital Corporation,Financial Services,525368736,1028295000
GLBS,Globus Maritime Limited,Industrials,34578264,1205242200
GLBZ,Glen Burnie Bancorp,Financial Services,15953740,942244200
GLDD,Great Lakes Dredge & Dock Corporation,Industrials,785438144,1167229800
GLMD,Galmed Pharmaceuticals Ltd.,Healthcare,4882647,1394717400
GLNG,Golar LNG Limited,Energy,3736720128,1058275800
GLPI,"Gaming and Leisure Properties, Inc.",Real Estate,13670209536,1381757400
GLRI,Glori Energy Inc.,Financial Services,93348,1349098200
GLYC,"GlycoMimetics, Inc.",Healthcare,24671580,1389364200
GMAN,Goldman Sachs Manufacturing Revolution ETF,Unavailable,Unavailable,1551450600
GNBC,"Green Bancorp, Inc.",Unavailable,Unavailable,1407504600
GNCA,Unavailable,Unavailable,Unavailable,Unavailable
GNCMA,Unavailable,Unavailable,Unavailable,595175400
GNCNF,Gencan Capital Inc.,Financial Services,355094,1411479000
GNOW,"American Caresource Holdings, Inc.",Healthcare,859731,1135175400
GNTX,Gentex Corporation,Consumer Cyclical,7028525056,377879400
GOGO,Gogo Inc.,Communication Services,845500288,1371821400
GOLD,Barrick Gold Corporation,Basic Materials,33454655488,477153000
GOOD,Gladstone Commercial Corporation,Real Estate,669130048,1060867800
GPOR,Gulfport Energy Corporation,Energy,2491355904,1621344600
GPRE,Green Plains Inc.,Basic Materials,771935296,1142433000
GPRO,"GoPro, Inc.",Technology,209240096,1403789400
GPS,Unavailable,Unavailable,Unavailable,Unavailable
GRBK,"Green Brick Partners, Inc.",Consumer Cyclical,3048571904,1182346200
GRFS,"Grifols, S.A.",Healthcare,7075792384,1307021400
GRMN,Garmin Ltd.,Technology,38055510016,976285800
GROW,"U.S. Global Investors, Inc.",Financial Services,33927888,483201000
GRPN,"Groupon, Inc.",Communication Services,410533824,1320413400
GRSFF,Greencastle Resources Ltd.,Energy,1169605,1348579800
GSBC,"Great Southern Bancorp, Inc.",Financial Services,667685952,629735400
GSIG,Goldman Sachs Access Investment Grade Corporate 1-5 Year Bond ETF,Unavailable,Unavailable,1594647000
GSIT,"GSI Technology, Inc.",Technology,80156160,1175175000
GT,The Goodyear Tire & Rubber Company,Consumer Cyclical,2340127232,-252322200
GTIM,Good Times Restaurants Inc.,Consumer Cyclical,29032560,710688600
GTLS,"Chart Industries, Inc.",Industrials,5565221888,1153920600
GULTU,Gulf Coast Ultra Deep Royalty Trust,Energy,3452594,1370352600
GURE,"Gulf Resources, Inc.",Basic Materials,7933615,1161610200
HA,"Hawaiian Holdings, Inc.",Industrials,936176384,803741400
HAFC,Hanmi Financial Corporation,Financial Services,692110656,765639000
HAIN,"The Hain Celestial Group, Inc.",Consumer Defensive,816687424,759076200
HALL,"Hallmark Financial Services, Inc.",Financial Services,3637,636906600
HALO,"Halozyme Therapeutics, Inc.",Healthcare,7271023104,1079447400
HART,NYLI Healthy Hearts ETF,Unavailable,Unavailable,1610634600
HAS,"Hasbro, Inc.",Consumer Cyclical,9181955072,322151400
HAWK,Unavailable,Unavailable,Unavailable,1366378200
HAYN,"Haynes International, Inc.",Industrials,776177344,1174483800
HBAN,Huntington Bancshares Incorporated,Financial Services,22489497600,322151400
HBCP,"Home Bancorp, Inc.",Financial Services,374473056,1223472600
HBIO,"Harvard Bioscience, Inc.",Healthcare,104666168,985012200
HBNC,"Horizon Bancorp, Inc.",Financial Services,704201984,1010586600
HCKT,"The Hackett Group, Inc.",Technology,669729024,896362200
HCOM,Hartford Schroders Commodity Strategy ETF,Unavailable,Unavailable,1631712600
HCSG,"Healthcare Services Group, Inc.",Healthcare,817195776,438964200
HDNG,Unavailable,Unavailable,Unavailable,801408600
HDP,"Hortonworks, Inc.",Unavailable,Unavailable,1418394600
HDSN,"Hudson Technologies, Inc.",Basic Materials,337771008,783700200
HEAR,Turtle Beach Corporation,Technology,321899200,1289831400
HEES,"H&E Equipment Services, Inc.",Industrials,1900105728,1138717800
HELE,Helen of Troy Limited,Consumer Defensive,1480326656,205680600
HERO,Global X Video Games & Esports ETF,Unavailable,Unavailable,1572528600
HES,Hess Corporation,Energy,42442842112,322151400
HFBL,"Home Federal Bancorp, Inc. of Louisiana",Financial Services,38081108,1182346200
HFWA,Heritage Financial Corporation,Financial Services,792361216,894547800
HIBB,Unavailable,Unavailable,Unavailable,Unavailable
HIFS,Hingham Institution for Savings,Financial Services,553783488,598113000
HIHO,Highway Holdings Limited,Industrials,8374022,850314600
HIMX,"Himax Technologies, Inc.",Technology,1006410304,1143815400
HLIT,Harmonic Inc.,Technology,1276960512,801235800
HMNF,"HMN Financial, Inc.",Financial Services,124973952,772983000
HMNY,Helios and Matheson Analytics Inc.,Technology,7005390,871047000
HMST,"HomeStreet, Inc.",Financial Services,171038432,1328884200
HNNA,"Hennessy Advisors, Inc.",Financial Services,77587560,1110378600
HNRDF,Hansard Global plc,Financial Services,96670496,1264084200
HNRG,Hallador Energy Company,Energy,413201568,765639000
HOFT,Hooker Furnishings Corporation,Consumer Cyclical,174204768,1025184600
HOLI,Unavailable,Unavailable,Unavailable,Unavailable
HOLX,"Hologic, Inc.",Healthcare,19122954240,636301800
HOV,"Hovnanian Enterprises, Inc.",Consumer Cyclical,1070228736,431789400
HQCL,"Hanwha Q CELLS Co., Ltd.",Unavailable,Unavailable,1166625000
HQY,"HealthEquity, Inc.",Healthcare,7538723840,1406813400
HRTX,"Heron Therapeutics, Inc.",Healthcare,269969024,556983000
HRZN,Horizon Technology Finance Corporation,Financial Services,359309056,1288359000
HSIC,"Henry Schein, Inc.",Healthcare,8916442112,815409000
HSII,"Heidrick & Struggles International, Inc.",Industrials,798067456,925219800
HSKA,Unavailable,Unavailable,Unavailable,Unavailable
HSON,"Hudson Global, Inc.",Industrials,41413924,1047997800
HSTM,"HealthStream, Inc.",Healthcare,892068992,955459800
HTBI,"HomeTrust Bancshares, Inc.",Financial Services,573963264,1342013400
HTBK,Heritage Commerce Corp,Financial Services,591518912,900941400
HTHT,H World Group Limited,Consumer Cyclical,11787625472,1269610200
HTLD,"Heartland Express, Inc.",Industrials,856383680,531585000
HTLF,"Heartland Financial USA, Inc.",Financial Services,2515998208,915460200
HUBG,"Hub Group, Inc.",Industrials,2655268864,826727400
HURC,"Hurco Companies, Inc.",Industrials,134278384,336231000
HURN,Huron Consulting Group Inc.,Industrials,2041445376,1097674200
HWBK,"Hawthorn Bancshares, Inc.",Financial Services,196187104,932477400
HWKN,"Hawkins, Inc.",Basic Materials,2224898560,322237800
IAC,IAC Inc.,Communication Services,4217463040,727453800
IART,Integra LifeSciences Holdings Corporation,Healthcare,1495780992,808579800
IBCP,Independent Bank Corporation,Financial Services,687406080,494688600
IBKR,"Interactive Brokers Group, Inc.",Financial Services,65020026880,1178285400
IBOC,International Bancshares Corporation,Financial Services,3845337600,809789400
IBTX,"Independent Bank Group, Inc.",Financial Services,2398321408,1365082200
ICCC,ImmuCell Corporation,Healthcare,28042426,547219800
ICFI,"ICF International, Inc.",Industrials,3147818240,1159450200
ICLD,"InterCloud Systems, Inc.",Technology,2168870,1169821800
ICPT,Unavailable,Unavailable,Unavailable,Unavailable
ICUI,"ICU Medical, Inc.",Healthcare,4172329984,702052200
IDCC,"InterDigital, Inc.",Technology,4199451136,374423400
IDRA,Unavailable,Unavailable,Unavailable,Unavailable
IDXX,"IDEXX Laboratories, Inc.",Healthcare,34168848384,677511000
IEP,Icahn Enterprises L.P.,Energy,5952797184,554045400
IGLD,FT Cboe Vest Gold Strategy Target Income ETF,Unavailable,Unavailable,1614868200
IHD,Voya Emerging Markets High Dividend Equity Fund,Financial Services,96919520,1303997400
III,"Information Services Group, Inc.",Technology,150588592,1171290600
IIIN,"Insteel Industries, Inc.",Industrials,530072448,700842600
ILMN,"Illumina, Inc.",Healthcare,23856766976,964791000
IMGN,Unavailable,Unavailable,Unavailable,Unavailable
IMIAY,Unavailable,Unavailable,Unavailable,Unavailable
IMKTA,"Ingles Markets, Incorporated",Consumer Defensive,1235585792,559315800
IMMR,Immersion Corporation,Technology,269366688,942417000
IMOS,ChipMOS TECHNOLOGIES INC.,Technology,823174464,1057239000
INBK,First Internet Bancorp,Financial Services,300602432,1144243800
INCR,InterCure Ltd.,Healthcare,79860624,1548685800
INCY,Incyte Corporation,Healthcare,14666443776,752423400
INDB,Independent Bank Corp.,Financial Services,2659441920,516461400
INFA,Informatica Inc.,Technology,8002175488,1635341400
INFI,Unavailable,Unavailable,Unavailable,Unavailable
INFN,Infinera Corporation,Technology,1583662080,1181223000
INGN,"Inogen, Inc.",Healthcare,206118096,1392388200
INO,"Inovio Pharmaceuticals, Inc.",Healthcare,141505424,913127400
INOD,Innodata Inc.,Technology,612533312,744989400
INTC,Intel Corporation,Technology,100061601792,322151400
INTG,The InterGroup Corporation,Consumer Cyclical,31594920,322151400
INTL,Main International ETF,Unavailable,Unavailable,1669991400
INTU,Intuit Inc.,Technology,174268743680,731946600
INTX,Intersections Inc.,Unavailable,Unavailable,1083331800
INVE,"Identiv, Inc.",Industrials,82168096,876231000
IOSP,Innospec Inc.,Basic Materials,2703398400,895066200
IPAR,"Interparfums, Inc.",Consumer Defensive,3897037056,570983400
IPAS,iPass Inc.,Unavailable,Unavailable,1059053400
IPCC,Infinity Property and Casualty Corporation,Unavailable,Unavailable,1045060200
IPDN,"Professional Diversity Network, Inc.",Industrials,11216940,1362493800
IPGP,IPG Photonics Corporation,Technology,3558886144,1166020200
IPWR,Ideal Power Inc.,Industrials,56708040,1385130600
IPXL,Unavailable,Unavailable,Unavailable,819383400
IRBT,iRobot Corporation,Consumer Cyclical,288707968,1131546600
IRDM,Iridium Communications Inc.,Communication Services,3469805568,1206019800
IRIX,IRIDEX Corporation,Healthcare,24871418,824481000
IRMD,IRADIMED CORPORATION,Healthcare,612125184,1405517400
IROQ,"IF Bancorp, Inc.",Financial Services,68838368,1310131800
IRWD,"Ironwood Pharmaceuticals, Inc.",Healthcare,669306432,1265207400
ISBC,Unavailable,Unavailable,Unavailable,Unavailable
ISIG,Unavailable,Unavailable,Unavailable,Unavailable
ISRG,"Intuitive Surgical, Inc.",Healthcare,180347682816,961162200
ISSC,"Innovative Solutions and Support, Inc.",Industrials,126875000,965395800
ISTR,Investar Holding Corporation,Financial Services,204512768,1404221400
ITI,"Iteris, Inc.",Technology,309474144,757693800
ITIC,Investors Title Company,Financial Services,434686496,534004200
ITRI,"Itron, Inc.",Technology,5041467904,752509800
ITRN,Ituran Location and Control Ltd.,Technology,534739936,1127914200
ITSXF,iShares S&P/TSX Capped Financials Index ETF,Unavailable,1078754816,1328106600
IUSPF,iShares S&P/TSX Capped REIT Index ETF,Unavailable,Unavailable,1302096600
IUTCF,iShares S&P/TSX Global Gold Index ETF,Unavailable,Unavailable,1345210200
IUTSF,iShares S&P/TSX 60 Index ETF,Unavailable,Unavailable,1240320600
IVAC,"Intevac, Inc.",Industrials,87809400,816964200
JACK,Jack in the Box Inc.,Consumer Cyclical,963376576,699805800
JAKK,"JAKKS Pacific, Inc.",Consumer Cyclical,328984576,831043800
JBHT,"J.B. Hunt Transport Services, Inc.",Industrials,18246197248,438359400
JBLU,JetBlue Airways Corporation,Industrials,2001480192,1018618200
JBSS,"John B. Sanfilippo & Son, Inc.",Consumer Defensive,989894528,691857000
JD,"JD.com, Inc.",Consumer Cyclical,62238371840,1400765400
JJSF,J&J Snack Foods Corp.,Consumer Defensive,3221614848,507911400
JKHY,"Jack Henry & Associates, Inc.",Technology,13348258816,501345000
JMBA,"Jamba, Inc.",Unavailable,Unavailable,1122557400
JOUT,Johnson Outdoors Inc.,Consumer Cyclical,330565184,560784600
JPM-PC,JPMorgan Chase & Co.,Financial Services,330962108416,1547821800
JRVR,"James River Group Holdings, Ltd.",Financial Services,235677792,1418394600
JSD,Unavailable,Unavailable,Unavailable,Unavailable
JTPY,JetPay Corporation,Unavailable,Unavailable,1312983000
JUNO,Unavailable,Unavailable,Unavailable,1418999400
JVA,"Coffee Holding Co., Inc.",Consumer Defensive,17068714,1115127000
JXSB,Unavailable,Unavailable,Unavailable,1093267800
JYNT,The Joint Corp.,Healthcare,166164544,1415716200
KALU,Kaiser Aluminum Corporation,Basic Materials,1216252800,1152279000
KANG,"iKang Healthcare Group, Inc.",Unavailable,Unavailable,1397050200
KBAL,Unavailable,Unavailable,Unavailable,Unavailable
KCLI,Kansas City Life Insurance Company,Financial Services,339403520,358090200
KE,"Kimball Electronics, Inc.",Industrials,449869536,1415025000
KELYA,"Kelly Services, Inc.",Industrials,713030912,322151400
KEQU,Kewaunee Scientific Corporation,Consumer Cyclical,105625168,322151400
KERX,"Keryx Biopharmaceuticals, Inc.",Unavailable,Unavailable,964791000
KEYW,The KeyW Holding Corporation,Unavailable,Unavailable,1285939800
KFFB,Kentucky First Federal Bancorp,Financial Services,21551108,1109860200
KFRC,Kforce Inc.,Industrials,1065617984,808493400
KGJI,"Kingold Jewelry, Inc.",Consumer Cyclical,11,1261578600
KINS,"Kingstone Companies, Inc.",Financial Services,120002368,940944600
KIRK,"Kirkland's, Inc.",Consumer Cyclical,20847444,1028035800
KLIC,"Kulicke and Soffa Industries, Inc.",Technology,2484534016,99153000
KLXI,KLX Inc.,Unavailable,Unavailable,1417617000
KMDA,Kamada Ltd.,Healthcare,340354432,1370007000
KNDI,"Kandi Technologies Group, Inc.",Consumer Cyclical,115312832,1188912600
KOPN,Kopin Corporation,Technology,125327240,703344600
KOSS,Koss Corporation,Technology,65470592,322151400
KPTI,Karyopharm Therapeutics Inc.,Healthcare,112614584,1383748200
KRNY,Kearny Financial Corp.,Financial Services,454641088,1109255400
KTCC,Key Tronic Corporation,Technology,64894260,425136600
KTEC,KraneShares Hang Seng TECH Index ETF,Unavailable,Unavailable,1623245400
KTOS,"Kratos Defense & Security Solutions, Inc.",Industrials,3453347328,941812200
KTWO,"K2M Group Holdings, Inc.",Unavailable,Unavailable,1399555800
KVHI,"KVH Industries, Inc.",Technology,90684856,828455400
LAKE,"Lakeland Industries, Inc.",Consumer Cyclical,142532480,526656600
LAMR,Lamar Advertising Company,Real Estate,13427137536,838992600
LANC,Lancaster Colony Corporation,Consumer Defensive,4974781952,322151400
LAND,Gladstone Land Corporation,Real Estate,470199808,1359469800
LARK,"Landmark Bancorp, Inc.",Financial Services,116625872,764865000
LAYN,Unavailable,Unavailable,Unavailable,714317400
LBAI,"Lakeland Bancorp, Inc.",Financial Services,875024960,841930200
LBRDA,Liberty Broadband Corporation,Communication Services,12837700608,1415111400
LBTYA,Liberty Global Ltd.,Communication Services,7458994688,1086269400
LCUT,"Lifetime Brands, Inc.",Consumer Cyclical,126521608,676128600
LE,"Lands' End, Inc.",Consumer Cyclical,501888928,1395322200
LECO,"Lincoln Electric Holdings, Inc.",Industrials,11383905280,765725400
LEDS,SemiLEDs Corporation,Technology,7880668,1291905000
LFUS,"Littelfuse, Inc.",Technology,6189778944,717168600
LFVN,LifeVantage Corporation,Consumer Defensive,162827600,765725400
LGCY,Legacy Education Inc.,Consumer Defensive,65032256,1727357400
LGIH,"LGI Homes, Inc.",Consumer Cyclical,2409250560,1383834600
LGND,Ligand Pharmaceuticals Incorporated,Healthcare,2010320768,722097000
LILA,Liberty Latin America Ltd.,Communication Services,1921619712,1435843800
LIME,Lime Energy Co.,Unavailable,Unavailable,903101400
LINC,Lincoln Educational Services Corporation,Consumer Defensive,426484896,1119533400
LION,Lionsgate Studios Corp.,Unavailable,1960143872,1646145000
LKFN,Lakeland Financial Corporation,Financial Services,1659171840,871565400
LKQ,LKQ Corporation,Consumer Cyclical,9592524800,1065447000
LMAT,"LeMaitre Vascular, Inc.",Healthcare,2131839744,1161264600
LMDCF,Everybody Loves Languages Corp.,Consumer Defensive,773677,1074781800
LMNR,Limoneira Company,Consumer Defensive,461045536,1065533400
LNDC,Unavailable,Unavailable,Unavailable,Unavailable
LOAN,"Manhattan Bridge Capital, Inc.",Real Estate,60509576,926602200
LOCM,Local Corporation,Communication Services,35499,1098192600
LOCO,"El Pollo Loco Holdings, Inc.",Consumer Cyclical,357942464,1406295000
LOGI,Logitech International S.A.,Technology,12731632640,859473000
LOPE,"Grand Canyon Education, Inc.",Consumer Defensive,4010330368,1227191400
LPCN,Lipocine Inc.,Healthcare,32515474,1382448600
LPLA,LPL Financial Holdings Inc.,Financial Services,21007593472,1290090600
LPNT,"LifePoint Health, Inc.",Unavailable,Unavailable,926083800
LPSN,"LivePerson, Inc.",Technology,108309608,955114200
LPTH,"LightPath Technologies, Inc.",Technology,62191940,824999400
LQDT,"Liquidity Services, Inc.",Consumer Cyclical,659194496,1141050600
LRCX,Lam Research Corporation,Technology,96244416512,452525400
LSBK,"Lake Shore Bancorp, Inc.",Financial Services,78884304,1144243800
LSCC,Lattice Semiconductor Corporation,Technology,7201342464,626625000
LSTR,"Landstar System, Inc.",Industrials,6260688384,731341800
LTBR,Lightbridge Corporation,Industrials,105674312,1104762600
LTRE,"Learning Tree International, Inc.",Consumer Defensive,6612193,818260200
LTRPA,"Liberty TripAdvisor Holdings, Inc.",Communication Services,48751472,1409146200
LTRX,"Lantronix, Inc.",Technology,152158256,965395800
LULU,Lululemon Athletica Inc.,Consumer Cyclical,39432290304,1185543000
LUNA,Luna Innovations Incorporated,Technology,57597020,1149514200
LVWD,"LiveWorld, Inc.",Technology,5476008,1179322200
LWAY,"Lifeway Foods, Inc.",Consumer Defensive,385593536,599409000
LXRX,"Lexicon Pharmaceuticals, Inc.",Healthcare,441020256,955114200
LYTS,LSI Industries Inc.,Technology,490767136,479485800
MA,Mastercard Incorporated,Financial Services,466331566080,1148563800
MACK,Unavailable,Unavailable,Unavailable,Unavailable
MANH,"Manhattan Associates, Inc.",Technology,16145255424,893338200
MAR,"Marriott International, Inc.",Consumer Cyclical,73356451840,890663400
MARA,"MARA Holdings, Inc.",Financial Services,4743992320,1336138200
MARPS,Marine Petroleum Trust,Energy,7920000,322151400
MASI,Masimo Corporation,Healthcare,7711573504,1186579800
MAT,"Mattel, Inc.",Consumer Cyclical,6706862592,203866200
MATR,Mattersight Corporation,Unavailable,Unavailable,950193000
MATW,Matthews International Corporation,Industrials,711394176,774711000
MAYS,"J.W. Mays, Inc.",Real Estate,90489976,471796200
MBCN,Middlefield Banc Corp.,Financial Services,232526368,1046356200
MBUU,"Malibu Boats, Inc.",Consumer Cyclical,866088768,1391178600
MBWM,Mercantile Bank Corporation,Financial Services,697513088,932477400
MCBC,Unavailable,Unavailable,Unavailable,Unavailable
MCBK,"Madison County Financial, Inc.",Financial Services,69732640,1349357400
MCCK,"Mestek, Inc.",Industrials,226375808,1201617000
MCFUF,Unavailable,Unavailable,Unavailable,Unavailable
MCHP,Microchip Technology Incorporated,Technology,40135938048,732551400
MCHX,"Marchex, Inc.",Communication Services,76880848,1080743400
MCOA,"Marijuana Company of America, Inc.",Healthcare,2207650,915719400
MCRI,"Monarch Casino & Resort, Inc.",Consumer Cyclical,1441008768,744643800
MDLZ,"Mondelez International, Inc.",Consumer Defensive,91610890240,992439000
MDRX,Veradigm Inc.,Healthcare,996746432,932995800
MDWD,MediWound Ltd.,Healthcare,198146176,1395322200
MDXG,"MiMedx Group, Inc.",Healthcare,1018335744,1202826600
MEIL,Methes Energies International Ltd.,Financial Services,3860775,1353940200
MEIP,"MEI Pharma, Inc.",Healthcare,20454980,1071757800
MELI,"MercadoLibre, Inc.",Consumer Cyclical,104178081792,1186752600
MEOH,Methanex Corporation,Basic Materials,2639196672,706282200
MERC,Mercer International Inc.,Basic Materials,430647968,585408600
MET,"MetLife, Inc.",Financial Services,54406889472,954941400
MGEE,"MGE Energy, Inc.",Utilities,3203376128,322151400
MGI,Unavailable,Unavailable,Unavailable,Unavailable
MGIC,Magic Software Enterprises Ltd.,Technology,559827008,683559000
MGNX,"MacroGenics, Inc.",Healthcare,242734912,1381411800
MGPI,"MGP Ingredients, Inc.",Consumer Defensive,999314240,593443800
MGRC,McGrath RentCorp,Industrials,2832226560,469204200
MGYR,"Magyar Bancorp, Inc.",Financial Services,79309880,1138113000
MHLD,"Maiden Holdings, Ltd.",Financial Services,155648064,1210080600
MICT,Unavailable,Unavailable,Unavailable,Unavailable
MIDD,The Middleby Corporation,Industrials,6998638080,555600600
MIND,"MIND Technology, Inc.",Technology,28418952,787847400
MITK,"Mitek Systems, Inc.",Technology,398738784,599841000
MITL,Mitel Networks Corporation,Unavailable,Unavailable,1271943000
MKSI,"MKS Instruments, Inc.",Technology,6769132544,922804200
MKTX,MarketAxess Holdings Inc.,Financial Services,10849924096,1099665000
MLAB,"Mesa Laboratories, Inc.",Technology,638280896,446913000
MLNK,"MeridianLink, Inc.",Technology,1668590720,1627479000
MLVF,Unavailable,Unavailable,Unavailable,Unavailable
MMLP,Martin Midstream Partners L.P.,Energy,155224384,1036161000
MMS,"Maximus, Inc.",Industrials,5232991744,866208600
MMSI,"Merit Medical Systems, Inc.",Healthcare,5758004736,642691800
MMU,Western Asset Managed Municipals Fund Inc.,Financial Services,566396928,711379800
MMYT,MakeMyTrip Limited,Consumer Cyclical,11328404480,1281619800
MNDO,MIND C.T.I. Ltd,Technology,39752328,965741400
MNKD,MannKind Corporation,Healthcare,1971714176,1091021400
MNOV,"MediciNova, Inc.",Healthcare,81416688,1165588200
MNRO,"Monro, Inc.",Consumer Cyclical,828100928,680880600
MNST,Monster Beverage Corporation,Consumer Defensive,51226804224,502986600
MNTX,"Manitex International, Inc.",Industrials,116265176,1108477800
MOBL,Unavailable,Unavailable,Unavailable,Unavailable
MOFG,"MidWestOne Financial Group, Inc.",Financial Services,590007168,1201617000
MOG-A,Moog Inc.,Industrials,6189082624,328455000
MOMO,Hello Group Inc.,Communication Services,1251907456,1418308200
MORN,"Morningstar, Inc.",Financial Services,14083600384,1115127000
MPAA,"Motorcar Parts of America, Inc.",Consumer Cyclical,103113784,764433000
MPB,"Mid Penn Bancorp, Inc.",Financial Services,507082304,881245800
MPWR,"Monolithic Power Systems, Inc.",Technology,37041307648,1100874600
MRCC,Monroe Capital Corporation,Financial Services,171597104,1351171800
MRCY,"Mercury Systems, Inc.",Industrials,1974210048,886170600
MRNS,"Marinus Pharmaceuticals, Inc.",Healthcare,18062044,1406813400
MRTN,"Marten Transport, Ltd.",Industrials,1291762048,528039000
MRTX,Unavailable,Unavailable,Unavailable,Unavailable
MRVL,"Marvell Technology, Inc.",Technology,73427771392,962371800
MSCC,Unavailable,Unavailable,Unavailable,354551400
MSEX,Middlesex Water Company,Utilities,1165408896,99153000
MSFG,Unavailable,Unavailable,Unavailable,694881000
MSFT,Microsoft Corporation,Technology,3051051548672,511108200
MSTR,MicroStrategy Incorporated,Technology,46549356544,897571800
MTBC,Unavailable,Unavailable,Unavailable,Unavailable
MTEX,"Mannatech, Incorporated",Consumer Defensive,14739215,919175400
MTLS,Materialise NV,Technology,366216640,1403703000
MTRX,Matrix Service Company,Industrials,309642880,654355800
MU,"Micron Technology, Inc.",Technology,110574641152,454944600
MVIS,"MicroVision, Inc.",Technology,221266560,841152600
MYGN,"Myriad Genetics, Inc.",Healthcare,1633858944,812986200
MYRG,MYR Group Inc.,Industrials,2097297920,1218634200
MZOR,Mazor Robotics Ltd.,Unavailable,Unavailable,1369747800
NAII,"Natural Alternatives International, Inc.",Consumer Defensive,28204450,751815000
NATH,"Nathan's Famous, Inc.",Consumer Cyclical,350991392,730737000
NATI,Unavailable,Unavailable,Unavailable,Unavailable
NATR,"Nature's Sunshine Products, Inc.",Consumer Defensive,242637248,1245936600
NAUH,"National American University Holdings, Inc.",Consumer Defensive,742017,1199716200
NBIX,"Neurocrine Biosciences, Inc.",Healthcare,12373395456,832858200
NBN,Northeast Bank,Financial Services,725861312,556378200
NBTB,NBT Bancorp Inc.,Financial Services,2102011136,700842600
NCLH,Norwegian Cruise Line Holdings Ltd.,Consumer Cyclical,10939786240,1358519400
NCLIP,Unavailable,Unavailable,Unavailable,1234189800
NCMI,"National CineMedia, Inc.",Communication Services,683455872,1170945000
NCTY,The9 Limited,Financial Services,74052216,1103121000
NDLS,Noodles & Company,Consumer Cyclical,53395056,1372426200
NDSN,Nordson Corporation,Industrials,14239908864,322237800
NECB,"Northeast Community Bancorp, Inc.",Financial Services,327887040,1152192600
NEO,"NeoGenomics, Inc.",Healthcare,1794211968,1079447400
NEOG,Neogen Corporation,Healthcare,3129118976,619882200
NEON,Neonode Inc.,Technology,113834176,600359400
NEPT,Unavailable,Unavailable,Unavailable,Unavailable
NERV,"Minerva Neurosciences, Inc.",Healthcare,18322734,1404221400
NEWT,"NewtekOne, Inc.",Financial Services,336233792,970061400
NFLX,"Netflix, Inc.",Communication Services,323200974848,1022160600
NICE,NICE Ltd.,Technology,11207465984,822580200
NICK,"Nicholas Financial, Inc.",Financial Services,45187000,846163800
NILE,Unavailable,Unavailable,Unavailable,Unavailable
NKSH,"National Bankshares, Inc.",Financial Services,186185600,944058600
NKTR,Nektar Therapeutics,Healthcare,226417184,767971800
NLST,"Netlist, Inc.",Technology,278864640,1165847400
NMIH,"NMI Holdings, Inc.",Financial Services,2931158784,1383921000
NNBR,"NN, Inc.",Industrials,158080032,763741800
NOXL,Noxel Corp.,Real Estate,153611,840202200
NRCIB,Unavailable,Unavailable,Unavailable,876490200
NRIM,"Northrim BanCorp, Inc.",Financial Services,357791136,658679400
NSIT,"Insight Enterprises, Inc.",Technology,5469716992,790957800
NSSC,"Napco Security Technologies, Inc.",Industrials,1415639424,378484200
NSTG,"NanoString Technologies, Inc.",Healthcare,5066857,1372253400
NSYS,Nortech Systems Incorporated,Healthcare,33035672,739805400
NTAP,"NetApp, Inc.",Technology,23775307776,816964200
NTCT,"NetScout Systems, Inc.",Technology,1459162112,934464600
NTES,"NetEase, Inc.",Communication Services,51232653312,962371800
NTGR,"NETGEAR, Inc.",Technology,653300800,1059658200
NTIC,Northern Technologies International Corporation,Basic Materials,121650696,701706600
NTRS,Northern Trust Corporation,Financial Services,19807924224,322151400
NTWK,"NetSol Technologies, Inc.",Technology,34635628,906730200
NURO,"NeuroMetrix, Inc.",Healthcare,8103480,1090503000
NUVA,Unavailable,Unavailable,Unavailable,Unavailable
NVAX,"Novavax, Inc.",Healthcare,1496878976,818173800
NVCN,Unavailable,Unavailable,Unavailable,Unavailable
NVDA,NVIDIA Corporation,Technology,3321361858560,917015400
NVEC,NVE Corporation,Technology,366998784,801235800
NVFY,"Nova LifeStyle, Inc.",Consumer Cyclical,3238976,1318858200
NVMI,Nova Ltd.,Technology,5373275136,955459800
NWBI,"Northwest Bancshares, Inc.",Financial Services,1695694080,784218600
NWBO,"Northwest Biotherapeutics, Inc.",Healthcare,324542400,1008340200
NWFL,Norwood Financial Corp.,Financial Services,240051360,889021800
NWPX,Northwest Pipe Company,Industrials,478280224,817741800
NWSA,News Corporation,Communication Services,15872099328,1371648600
NXPI,NXP Semiconductors N.V.,Technology,60776742912,1281101400
NYMT,"New York Mortgage Trust, Inc.",Real Estate,518114144,1090848600
NYMX,Unavailable,Unavailable,Unavailable,Unavailable
OCC,Optical Cable Corporation,Technology,20057630,828455400
OCFC,OceanFirst Financial Corp.,Financial Services,1064048512,836400600
OCLR,"Oclaro, Inc.",Unavailable,Unavailable,1094823000
OCUL,"Ocular Therapeutix, Inc.",Healthcare,1620029696,1406295000
ODFL,"Old Dominion Freight Line, Inc.",Industrials,43069407232,688311000
ODP,The ODP Corporation,Consumer Cyclical,1057465664,581175000
OFED,Oconee Federal Financial Corp.,Financial Services,78760152,1295015400
OFIX,Orthofix Medical Inc.,Healthcare,647444544,704122200
OFLX,"Omega Flex, Inc.",Industrials,511276320,1122903000
OFS,OFS Capital Corporation,Financial Services,108122664,1352385000
OIIM,Unavailable,Unavailable,Unavailable,Unavailable
OIS,"Oil States International, Inc.",Energy,285892832,981729000
OKE,"ONEOK, Inc.",Energy,54539419648,339255000
OLED,Universal Display Corporation,Technology,8554917376,829229400
OMAB,"Grupo Aeroportuario del Centro Norte, S.A.B. de C.V.",Industrials,3133364480,1164810600
OMCL,"Omnicell, Inc.",Healthcare,2238518272,997363800
OMER,Omeros Corporation,Healthcare,236423344,1255008600
OMEX,"Odyssey Marine Exploration, Inc.",Basic Materials,10544231,940944600
OMF,"OneMain Holdings, Inc.",Financial Services,5941342208,1381930200
OMRNY,OMRON Corporation,Technology,7829220864,825431400
ON,ON Semiconductor Corporation,Technology,30227326976,957274200
ONB,Old National Bancorp,Financial Services,6098744832,456586200
ONCY,Oncolytics Biotech Inc.,Healthcare,91548528,1002288600
ONEQ,Fidelity Nasdaq Composite Index ETF,Unavailable,Unavailable,1065015000
ONTX,Unavailable,Unavailable,Unavailable,Unavailable
OPHC,"OptimumBank Holdings, Inc.",Financial Services,45677468,1056375000
OPOF,Old Point Financial Corporation,Financial Services,99684392,916065000
OPTT,"Ocean Power Technologies, Inc.",Industrials,14122342,1177507800
ORIG,Ocean Rig UDW Inc.,Unavailable,Unavailable,1316439000
ORLY,"O'Reilly Automotive, Inc.",Consumer Cyclical,66317500416,735571800
ORMP,Oramed Pharmaceuticals Inc.,Healthcare,94584080,1178026200
ORRF,"Orrstown Financial Services, Inc.",Financial Services,724177728,926602200
OSBC,"Old Second Bancorp, Inc.",Financial Services,735558016,753460200
OSIS,"OSI Systems, Inc.",Technology,2208486144,875799000
OSTK,Unavailable,Unavailable,Unavailable,Unavailable
OSUR,"OraSure Technologies, Inc.",Healthcare,310949824,532621800
OTEX,Open Text Corporation,Technology,7707723776,822493800
OTIC,Unavailable,Unavailable,Unavailable,Unavailable
OTTR,Otter Tail Corporation,Utilities,3266348288,99153000
OVBC,Ohio Valley Banc Corp.,Financial Services,110991160,783959400
OVLY,Oak Valley Bancorp,Financial Services,227022560,1066224600
OXBR,Oxbridge Re Holdings Limited,Financial Services,16781692,1395927000
OXLC,Oxford Lane Capital Corp.,Financial Services,1688508032,1295620200
PAAS,Pan American Silver Corp.,Basic Materials,8356037120,802963800
PACB,"Pacific Biosciences of California, Inc.",Healthcare,664970752,1288186200
PACW,Unavailable,Unavailable,Unavailable,Unavailable
PAHC,Phibro Animal Health Corporation,Healthcare,938873472,1397223000
PANL,"Pangaea Logistics Solutions, Ltd.",Industrials,289854976,1387463400
PAOTF,Parrot S.A.,Technology,63771000,1287149400
PATI,Unavailable,Unavailable,Unavailable,Unavailable
PATK,"Patrick Industries, Inc.",Consumer Cyclical,2593433088,322151400
PAYX,"Paychex, Inc.",Technology,50058207232,430752600
PBHC,"Pathfinder Bancorp, Inc.",Financial Services,105226208,816532200
PBPB,Potbelly Corporation,Consumer Cyclical,224889968,1380893400
PBSK,"Poage Bankshares, Inc.",Unavailable,Unavailable,1315920600
PCAR,PACCAR Inc,Industrials,54186508288,322151400
PCH,PotlatchDeltic Corporation,Real Estate,3297220352,322151400
PCRX,"Pacira BioSciences, Inc.",Healthcare,764322688,1296743400
PCTY,Paylocity Holding Corporation,Technology,10690006016,1395235800
PCYG,Unavailable,Unavailable,Unavailable,Unavailable
PCYO,Pure Cycle Corporation,Utilities,257364944,766243800
PDCE,Unavailable,Unavailable,Unavailable,Unavailable
PDCO,"Patterson Companies, Inc.",Healthcare,1837823232,720282600
PDFS,"PDF Solutions, Inc.",Technology,1114311936,996586200
PEBK,"Peoples Bancorp of North Carolina, Inc.",Financial Services,135912672,498317400
PEBO,Peoples Bancorp Inc.,Financial Services,1095642752,729354600
PEGA,Pegasystems Inc.,Technology,6976071680,837783000
PENN,"PENN Entertainment, Inc.",Consumer Cyclical,2967992320,769959000
PERF,Perfect Corp.,Technology,190457632,1667223000
PERI,Perion Network Ltd.,Communication Services,388390464,1138717800
PERY,"Perry Ellis International, Inc.",Unavailable,Unavailable,737991000
PETS,"PetMed Express, Inc.",Healthcare,86316936,925133400
PFBC,Preferred Bank,Financial Services,1112115328,935069400
PFBX,Peoples Financial Corporation,Financial Services,83910416,932391000
PFIE,"Profire Energy, Inc.",Energy,117531752,1268231400
PFIN,Unavailable,Unavailable,Unavailable,Unavailable
PFIS,Peoples Financial Services Corp.,Financial Services,470159008,1023283800
PFLT,PennantPark Floating Rate Capital Ltd.,Financial Services,814969856,1302269400
PFMT,Performant Financial Corporation,Industrials,305671200,1344605400
PFSW,Unavailable,Unavailable,Unavailable,Unavailable
PHI,PLDT Inc.,Communication Services,5298030592,105283800
PINC,"Premier, Inc.",Healthcare,1970731264,1380202200
PKBK,"Parke Bancorp, Inc.",Financial Services,254280192,1056375000
PLAB,"Photronics, Inc.",Technology,1468541056,542385000
PLAY,"Dave & Buster's Entertainment, Inc.",Communication Services,1515458176,1412947800
PLBC,Plumas Bancorp,Financial Services,242661552,1039617000
PLCE,"The Children's Place, Inc.",Consumer Cyclical,178946480,874675800
PLPC,Preformed Line Products Company,Industrials,617097600,925306200
PLPL,"Plandaí Biotechnology, Inc.",Financial Services,4488900,791649000
PLUG,Plug Power Inc.,Industrials,1838439040,941203800
PLUS,ePlus inc.,Technology,2394557696,848068200
PLXS,Plexus Corp.,Technology,4002523392,507997800
PMD,Psychemedics Corporation,Healthcare,13675147,538324200
PME,Unavailable,Unavailable,Unavailable,Unavailable
PNBK,"Patriot National Bancorp, Inc.",Financial Services,6282191,778339800
PNFP,"Pinnacle Financial Partners, Inc.",Financial Services,8078208000,966951000
PNNT,PennantPark Investment Corporation,Financial Services,447931264,1176989400
PNRG,PrimeEnergy Resources Corporation,Energy,285871360,322151400
PODD,Insulet Corporation,Healthcare,16519913472,1179235800
POOL,Pool Corporation,Industrials,13816429568,813591000
POWI,"Power Integrations, Inc.",Technology,3570597632,881937000
POWL,"Powell Industries, Inc.",Industrials,3348551936,322151400
PPBI,"Pacific Premier Bancorp, Inc.",Financial Services,2458270976,867245400
PPC,Pilgrim's Pride Corporation,Consumer Defensive,11896461312,567873000
PPG,"PPG Industries, Inc.",Basic Materials,29024854016,322151400
PPSI,"Pioneer Power Solutions, Inc.",Industrials,66429944,1367587800
PRAA,"PRA Group, Inc.",Financial Services,821456512,1036765800
PRAY,FIS Christian Stock Fund ETF,Unavailable,Unavailable,1644330600
PREC,"Prestige Cars International, Inc.",Consumer Cyclical,172240,1430832600
PRFT,"Perficient, Inc.",Technology,2670502912,933255000
PRGS,Progress Software Corporation,Technology,2760936704,680880600
PRIM,Primoris Services Corporation,Industrials,3413047040,1218029400
PRKR,"ParkerVision, Inc.",Technology,63667972,754756200
PRMW,Primo Water Corporation,Consumer Defensive,4258569472,708701400
PROV,"Provident Financial Holdings, Inc.",Financial Services,104584912,835968600
PRPH,"ProPhase Labs, Inc.",Healthcare,40827992,765466200
PRQR,ProQR Therapeutics N.V.,Healthcare,384950912,1411047000
PRSS,CafePress Inc.,Unavailable,Unavailable,1333027800
PRTA,Prothena Corporation plc,Healthcare,895441984,1355841000
PRTK,Unavailable,Unavailable,Unavailable,Unavailable
PRTS,"CarParts.com, Inc.",Consumer Cyclical,44526096,1171031400
PSBQ,"PSB Holdings, Inc.",Financial Services,105718944,948378600
PSEC,Prospect Capital Corporation,Financial Services,2220910592,1090935000
PSIX,"Power Solutions International, Inc.",Industrials,490400160,1334669400
PSMT,"PriceSmart, Inc.",Consumer Defensive,2622178304,873207000
PSO,Pearson plc,Communication Services,9880944640,848327400
PTC,PTC Inc.,Technology,22228578304,629130600
PTCT,"PTC Therapeutics, Inc.",Healthcare,3113122560,1371735000
PTNR,Unavailable,Unavailable,Unavailable,Unavailable
PTSI,"P.A.M. Transportation Services, Inc.",Industrials,339417696,526743000
PWOD,"Penns Woods Bancorp, Inc.",Financial Services,202989152,770563800
PXLW,"Pixelworks, Inc.",Technology,40869088,958743000
PYS,PPlus Trust Series RRD-1 RRD-1 CTF CL A,Unavailable,Unavailable,1094477400
PZZA,"Papa John's International, Inc.",Consumer Cyclical,1802907136,739546200
QBAK,Qualstar Corporation,Industrials,6005548,961767000
QCCO,"QC Holdings, Inc.",Financial Services,5536160,1089984600
QCOM,QUALCOMM Incorporated,Technology,184110792704,692634600
QCRH,"QCR Holdings, Inc.",Financial Services,1321404416,749914200
QDEL,QuidelOrtho Corporation,Healthcare,2628903936,665418600
QIFTF,Quorum Information Technologies Inc.,Technology,45408664,1535117400
QKLS,QKL Stores Inc.,Consumer Defensive,184201,796487400
QLYS,"Qualys, Inc.",Technology,4429835776,1348839000
QNST,"QuinStreet, Inc.",Communication Services,1117450752,1265898600
QRHC,Quest Resource Holding Corporation,Industrials,160418144,1262701800
QRVO,"Qorvo, Inc.",Technology,6792689152,1420209000
QTNT,Unavailable,Unavailable,Unavailable,Unavailable
QUIK,QuickLogic Corporation,Technology,108925968,940253400
QUMU,Unavailable,Unavailable,Unavailable,Unavailable
QURE,uniQure N.V.,Healthcare,285367936,1391610600
RADA,Unavailable,Unavailable,Unavailable,Unavailable
RAIL,"FreightCar America, Inc.",Industrials,258004848,1112794200
RAND,Rand Capital Corporation,Financial Services,41877052,322151400
RARE,Ultragenyx Pharmaceutical Inc.,Healthcare,4699503616,1391178600
RAVE,"Rave Restaurant Group, Inc.",Consumer Cyclical,42592872,746890200
RBCAA,"Republic Bancorp, Inc.",Financial Services,1312214784,901114200
RBCN,"Rubicon Technology, Inc.",Technology,3091166,1195223400
RCKY,"Rocky Brands, Inc.",Consumer Cyclical,152481440,728749800
RCMT,"RCM Technologies, Inc.",Industrials,173559072,432221400
RCON,"Recon Technology, Ltd.",Energy,68570600,1248960600
RDCM,RADCOM Ltd.,Communication Services,166484928,875194200
RDHL,RedHill Biopharma Ltd.,Healthcare,10462012,1357569000
RDI,"Reading International, Inc.",Communication Services,43964380,440173800
RDNT,"RadNet, Inc.",Healthcare,4921118720,852301800
RDWR,Radware Ltd.,Technology,910869376,938698200
REFR,Research Frontiers Incorporated,Technology,72063272,521213400
REGI,"Renewable Energy Group, Inc.",Unavailable,3106199040,1326983400
REGN,"Regeneron Pharmaceuticals, Inc.",Healthcare,92703203328,670602600
REIS,"Reis, Inc.",Unavailable,Unavailable,1377696600
RELL,"Richardson Electronics, Ltd.",Technology,198883696,436195800
RELV,"Reliv' International, Inc.",Consumer Defensive,3502973,1462195800
RENT,"Rent the Runway, Inc.",Consumer Cyclical,35682084,1635341400
RFIL,"RF Industries, Ltd.",Industrials,42380100,765639000
RGCO,"RGC Resources, Inc.",Utilities,207852432,760113000
RGEN,Repligen Corporation,Healthcare,7763061248,515165400
RGLD,"Royal Gold, Inc.",Basic Materials,9562013696,360941400
RGLS,Regulus Therapeutics Inc.,Healthcare,97544192,1349789400
RGS,Regis Corporation,Consumer Cyclical,52059820,677511000
RHDGF,Unavailable,Unavailable,Unavailable,Unavailable
RIBT,RiceBran Technologies,Consumer Defensive,50020,995463000
RICK,"RCI Hospitality Holdings, Inc.",Consumer Cyclical,386318688,813591000
RIGL,"Rigel Pharmaceuticals, Inc.",Healthcare,249848992,975508200
RITT,RiT Technologies Ltd.,Technology,310784,869578200
RLJE,"RLJ Entertainment, Inc.",Unavailable,Unavailable,1302183000
RMBS,Rambus Inc.,Technology,5110271488,863616600
RMCF,"Rocky Mountain Chocolate Factory, Inc.",Consumer Defensive,19754332,508516200
RMGN,RMG Networks Holding Corporation,Unavailable,Unavailable,1308317400
RMTI,"Rockwell Medical, Inc.",Healthcare,117604456,885911400
RNST,Renasant Corporation,Financial Services,2144013696,704122200
RNWK,Unavailable,Unavailable,Unavailable,Unavailable
ROCK,"Gibraltar Industries, Inc.",Industrials,2031336576,752509800
ROIC,Retail Opportunity Investments Corp.,Real Estate,2005637888,1257258600
ROST,"Ross Stores, Inc.",Consumer Cyclical,46466584576,492355800
ROYL,"Royale Energy, Inc.",Energy,5643714,765466200
RPRX,Royalty Pharma plc,Healthcare,16082739200,1592314200
RRGB,"Red Robin Gourmet Burgers, Inc.",Consumer Cyclical,93418256,1027085400
RSYS,Radisys Corporation,Unavailable,Unavailable,814195800
RTGN,RetinalGenix Technologies Inc.,Healthcare,62986000,1645713000
RUSHA,"Rush Enterprises, Inc.",Consumer Cyclical,4414318592,1065533400
RUTH,Unavailable,Unavailable,Unavailable,Unavailable
RVNC,"Revance Therapeutics, Inc.",Healthcare,604249792,1391697000
RVSB,"Riverview Bancorp, Inc.",Financial Services,99999776,751555800
RWLK,Unavailable,Unavailable,Unavailable,Unavailable
RWMI,"RegalWorks Media, Inc.",Consumer Defensive,2949800,1366896600
RXDX,Unavailable,Unavailable,Unavailable,Unavailable
RYAAY,Ryanair Holdings plc,Industrials,24793296896,864912600
RYI,Ryerson Holding Corporation,Industrials,684712640,1407504600
S,"SentinelOne, Inc.",Technology,8250996224,1625059800
SABR,Sabre Corporation,Technology,1227015808,1397741400
SAFT,"Safety Insurance Group, Inc.",Financial Services,1159253888,1037975400
SAGE,"Sage Therapeutics, Inc.",Healthcare,370098464,1405690200
SAIA,"Saia, Inc.",Industrials,12783998976,1031751000
SAL,Unavailable,Unavailable,Unavailable,Unavailable
SAMG,Silvercrest Asset Management Group Inc.,Financial Services,155950960,1372339800
SANM,Sanmina Corporation,Technology,3899034880,734794200
SANW,S&W Seed Company,Consumer Defensive,5181910,1276522200
SASR,"Sandy Spring Bancorp, Inc.",Financial Services,1505242240,765725400
SATS,EchoStar Corporation,Technology,6705086976,1199284200
SAVE,"Spirit Airlines, Inc.",Industrials,270509472,1306416600
SBAC,SBA Communications Corporation,Real Estate,24252278784,929539800
SBCF,Seacoast Banking Corporation of Florida,Financial Services,2286871552,444580200
SBFG,"SB Financial Group, Inc.",Financial Services,129366728,915460200
SBGI,"Sinclair, Inc.",Communication Services,1147404288,802531800
SBLK,Star Bulk Carriers Corp.,Industrials,2174291968,1196692200
SBNY,Signature Bank,Financial Services,78717504,1723728600
SBRA,"Sabra Health Care REIT, Inc.",Real Estate,4409981440,1017757800
SBSI,"Southside Bancshares, Inc.",Financial Services,978052096,895066200
SBUX,Starbucks Corporation,Consumer Cyclical,112069148672,709565400
SCHL,Scholastic Corporation,Communication Services,693305536,699028200
SCHN,Unavailable,Unavailable,Unavailable,Unavailable
SCOR,"comScore, Inc.",Communication Services,26453496,1182951000
SCSC,"ScanSource, Inc.",Technology,1044463488,764001000
SCTY,Unavailable,Unavailable,Unavailable,Unavailable
SCVL,"Shoe Carnival, Inc.",Consumer Cyclical,927981888,732292200
SCYT,"Security Bancorp, Inc.",Financial Services,24870266,879949800
SCYX,"SCYNEXIS, Inc.",Healthcare,50538428,1399037400
SDAD,SH Resources & Development Corp.,Financial Services,16320,791649000
SEAC,"SeaChange International, Inc.",Technology,14239438,847204200
SEED,Origin Agritech Limited,Basic Materials,16245252,1080570600
SEIC,SEI Investments Company,Financial Services,9772591104,354378600
SEMI,Columbia Semiconductor and Technology ETF,Unavailable,Unavailable,1648647000
SENEB,Seneca Foods Corporation,Consumer Defensive,434833792,322151400
SEV,Unavailable,Unavailable,Unavailable,1637159400
SFBC,"Sound Financial Bancorp, Inc.",Financial Services,130808808,1199889000
SFBS,"ServisFirst Bancshares, Inc.",Financial Services,4599236608,1400074200
SFM,"Sprouts Farmers Market, Inc.",Consumer Defensive,13019867136,1375363800
SFNC,Simmons First National Corporation,Financial Services,2926686976,479658600
SFST,"Southern First Bancshares, Inc.",Financial Services,310662048,941117400
SGBI,"Sangui Biotech International, Inc.",Healthcare,314853,859473000
SGC,"Superior Group of Companies, Inc.",Consumer Cyclical,251945488,99153000
SGEN,Unavailable,Unavailable,Unavailable,Unavailable
SGMA,"SigmaTron International, Inc.",Technology,16522083,760804200
SGRP,"SPAR Group, Inc.",Industrials,56276884,825690600
SHBI,"Shore Bancshares, Inc.",Financial Services,481575136,986823000
SHEN,Shenandoah Telecommunications Company,Communication Services,779841024,925133400
SHERF,Sherritt International Corporation,Basic Materials,55620460,1156426200
SHIP,Seanergy Maritime Holdings Corp.,Industrials,192102896,1201703400
SHLD,Global X Defense Tech ETF,Unavailable,Unavailable,1718631000
SHLM,"A. Schulman, Inc.",Unavailable,Unavailable,94833000
SHOO,"Steven Madden, Ltd.",Consumer Cyclical,3249597440,755793000
SHPG,Shire plc,Unavailable,Unavailable,890836200
SIEB,Siebert Financial Corp.,Financial Services,99499832,322237800
SIEN,Unavailable,Unavailable,Unavailable,Unavailable
SIFI,Harbor Scientific Alpha Income ETF,Unavailable,Unavailable,1631799000
SIFY,Sify Technologies Limited,Communication Services,226054560,940339800
SIGI,"Selective Insurance Group, Inc.",Financial Services,5617973760,322151400
SILC,Silicom Ltd.,Technology,83250392,761581800
SIMO,Silicon Motion Technology Corporation,Technology,1777714816,1120138200
SIRI,Sirius XM Holdings Inc.,Communication Services,9378934784,779463000
SIVB,Unavailable,Unavailable,Unavailable,Unavailable
SIXD,AllianzIM U.S. Large Cap 6 Month Buffer10 Jun/Dec ETF,Unavailable,Unavailable,1717421400
SKPI,"Sky Petroleum, Inc.",Energy,3826684,1112365800
SKYAY,Sky Limited,Unavailable,Unavailable,786897000
SKYS,Unavailable,Unavailable,Unavailable,Unavailable
SKYW,"SkyWest, Inc.",Industrials,4063707904,520176600
SLAB,Silicon Laboratories Inc.,Technology,3430071296,953908200
SLGN,Silgan Holdings Inc.,Consumer Cyclical,5620846592,855930600
SLM,SLM Corporation,Financial Services,4607561216,433171800
SLP,"Simulations Plus, Inc.",Healthcare,557466816,866640600
SLRC,SLR Investment Corp.,Financial Services,833594304,1265725800
SLVM,Sylvamo Corporation,Basic Materials,3485110528,1632403800
SMBC,"Southern Missouri Bancorp, Inc.",Financial Services,661746112,766157400
SMCI,"Super Micro Computer, Inc.",Technology,15253967872,1175175000
SMIT,"Schmitt Industries, Inc.",Technology,65826,791476200
SMLR,"Semler Scientific, Inc.",Healthcare,214523456,1392993000
SMMF,Unavailable,Unavailable,Unavailable,Unavailable
SMRT,"SmartRent, Inc.",Technology,346093760,1629898200
SMSI,"Smith Micro Software, Inc.",Technology,12295071,811517400
SMTC,Semtech Corporation,Technology,3350623744,322151400
SNCR,"Synchronoss Technologies, Inc.",Technology,117810200,1150378200
SNFCA,Security National Financial Corporation,Financial Services,239045472,555773400
SNMX,"Senomyx, Inc.",Unavailable,Unavailable,1087911000
SNPS,"Synopsys, Inc.",Technology,79633498112,699114600
SNSGF,"Sense Technologies, Inc.",Consumer Cyclical,1980,946909800
SODA,SodaStream International Ltd.,Unavailable,Unavailable,1288791000
SOFO,"Sonic Foundry, Inc.",Technology,1214,893251800
SOHO,Sotherly Hotels Inc.,Real Estate,57869792,1103293800
SOHU,Sohu.com Limited,Communication Services,463673248,963408600
SONC,Sonic Corp.,Unavailable,Unavailable,667751400
SP,Unavailable,Unavailable,Unavailable,Unavailable
SPCB,SuperCom Ltd.,Industrials,6249496,1108650600
SPDC,"Speed Commerce, Inc.",Technology,120775,756052200
SPIL,Unavailable,Unavailable,Unavailable,961594200
SPLK,Unavailable,Unavailable,Unavailable,Unavailable
SPNS,Sapiens International Corporation N.V.,Technology,2062685696,889108200
SPOK,"Spok Holdings, Inc.",Healthcare,313890912,1100701800
SPPI,Unavailable,Unavailable,Unavailable,Unavailable
SPRO,"Spero Therapeutics, Inc.",Healthcare,63777936,1509629400
SPSC,"SPS Commerce, Inc.",Technology,6253961728,1271943000
SPTN,SpartanNash Company,Consumer Defensive,717074880,965223000
SPWH,"Sportsman's Warehouse Holdings, Inc.",Consumer Cyclical,98405840,1397741400
SPWR,Unavailable,Unavailable,Unavailable,Unavailable
SPXX,Nuveen S&P 500 Dynamic Overwrite Fund,Financial Services,299393216,1132756200
SRCE,1st Source Corporation,Financial Services,1457494016,429543000
SRCL,"Stericycle, Inc.",Industrials,5754061824,840807000
SRDX,"Surmodics, Inc.",Healthcare,536867232,889021800
SRNE,Unavailable,Healthcare,1488458,937229400
SRPT,"Sarepta Therapeutics, Inc.",Healthcare,11757711360,865431000
SSB,SouthState Corporation,Financial Services,7432414720,854461800
SSBI,Summit State Bank,Financial Services,46012844,1152883800
SSNC,"SS&C Technologies Holdings, Inc.",Technology,17437024256,1270042200
SSYS,Stratasys Ltd.,Technology,523200032,782746200
STAA,STAAR Surgical Company,Healthcare,1407319680,698941800
STBA,"S&T Bancorp, Inc.",Financial Services,1447555712,703863000
STBZ,State Bank Financial Corporation,Unavailable,Unavailable,1261578600
STEM,"Stem, Inc.",Utilities,65020224,1602163800
STKL,SunOpta Inc.,Consumer Defensive,799836416,506615400
STLD,"Steel Dynamics, Inc.",Basic Materials,20622596096,848673000
STLY,"HG Holdings, Inc.",Financial Services,17582562,723738600
STRA,"Strategic Education, Inc.",Consumer Defensive,2133090432,838301400
STRL,"Sterling Infrastructure, Inc.",Industrials,4722433024,679325400
STRM,"Streamline Health Solutions, Inc.",Healthcare,9709703,829834200
STRN,Unavailable,Unavailable,Unavailable,Unavailable
STRS,Stratus Properties Inc.,Real Estate,178509216,709997400
STX,Seagate Technology Holdings plc,Technology,20964739072,1039617000
STXS,"Stereotaxis, Inc.",Healthcare,164233232,1092317400
SUPN,"Supernus Pharmaceuticals, Inc.",Healthcare,1871930496,1335879000
SURG,"SurgePays, Inc.",Technology,31591840,1516199400
SVA,Sinovac Biotech Ltd.,Unavailable,Unavailable,1064583000
SVVC,"Firsthand Technology Value Fund, Inc.",Financial Services,482514,1303997400
SWIR,Unavailable,Unavailable,Unavailable,Unavailable
SWKS,"Skyworks Solutions, Inc.",Technology,14200349696,463411800
SWSH,Unavailable,Unavailable,Unavailable,936970200
SYBT,"Stock Yards Bancorp, Inc.",Financial Services,1897497216,732983400
SYNA,Synaptics Incorporated,Technology,2803238656,1012314600
SYNT,"Syntel, Inc.",Unavailable,Unavailable,871392600
SYPR,"Sypris Solutions, Inc.",Consumer Cyclical,31244504,769267800
TACT,TransAct Technologies Incorporated,Technology,42392832,840720600
TAIT,Taitron Components Incorporated,Technology,16979728,798298200
TAST,Unavailable,Unavailable,Unavailable,Unavailable
TATT,TAT Technologies Ltd.,Industrials,202300128,544199400
TAYD,"Taylor Devices, Inc.",Industrials,150729200,342282600
TBBK,"The Bancorp, Inc.",Financial Services,2394634496,1075818600
TBK,Unavailable,Unavailable,Unavailable,Unavailable
TBNK,Territorial Bancorp Inc.,Financial Services,82066384,1247491800
TBPH,"Theravance Biopharma, Inc.",Healthcare,405074976,1400247000
TCBI,"Texas Capital Bancshares, Inc.",Financial Services,3549058816,1060781400
TCBK,TriCo Bancshares,Financial Services,1416711424,735312600
TCCO,Technical Communications Corporation,Technology,111264,432567000
TCFC,Unavailable,Unavailable,Unavailable,Unavailable
TCPC,BlackRock TCP Capital Corp.,Financial Services,684728832,1333546200
TCX,Tucows Inc.,Technology,198588400,830871000
TEDU,Unavailable,Unavailable,Unavailable,Unavailable
TEI,Templeton Emerging Markets Income Fund,Financial Services,256922496,748791000
TENX,"Tenax Therapeutics, Inc.",Healthcare,15288962,765466200
TESS,Unavailable,Unavailable,Unavailable,Unavailable
TGA,Unavailable,Unavailable,Unavailable,Unavailable
TGEN,Tecogen Inc.,Industrials,21247006,1400592600
TGLS,Tecnoglass Inc.,Basic Materials,3219267072,1336656600
TGTX,"TG Therapeutics, Inc.",Healthcare,4164738816,1272893400
THFF,First Financial Corporation,Financial Services,509055808,699633000
THRX,Unavailable,Unavailable,Unavailable,Unavailable
TIGR,UP Fintech Holding Limited,Financial Services,1196506112,1553088600
TILE,"Interface, Inc.",Industrials,1354987264,419178600
TITN,Titan Machinery Inc.,Industrials,317313408,1197556200
TLF,"Tandy Leather Factory, Inc.",Consumer Cyclical,35374708,749136600
TLOG,TetraLogic Pharmaceuticals Corporation,Healthcare,458720,1386858600
TNDM,"Tandem Diabetes Care, Inc.",Healthcare,2088984960,1384439400
TNP,Unavailable,Unavailable,Unavailable,Unavailable
TNXP,Tonix Pharmaceuticals Holding Corp.,Healthcare,19500190,1336656600
TOPS,Top Ships Inc.,Energy,36819928,1091453400
TORM,"TOR Minerals International, Inc.",Basic Materials,5950056,599841000
TOUR,Tuniu Corporation,Consumer Cyclical,138583664,1399642200
TOWN,TowneBank,Financial Services,2397242112,925911000
TREE,"LendingTree, Inc.",Financial Services,603222080,1218547800
TRIB,Trinity Biotech plc,Healthcare,15996712,719674200
TRIP,"Tripadvisor, Inc.",Consumer Cyclical,2236230912,1323268200
TRMK,Trustmark Corporation,Financial Services,2093877760,322151400
TRNS,"Transcat, Inc.",Industrials,877703360,250180200
TROW,"T. Rowe Price Group, Inc.",Financial Services,24895137792,512836200
TRS,TriMas Corporation,Consumer Cyclical,1099915904,1179495000
TRST,TrustCo Bank Corp NY,Financial Services,624681728,419697000
TRUE,"TrueCar, Inc.",Communication Services,350833088,1400247000
TRVN,"Trevena, Inc.",Healthcare,1449986,1391178600
TSBK,"Timberland Bancorp, Inc.",Financial Services,240494144,884701800
TSCO,Tractor Supply Company,Consumer Cyclical,28754640896,761495400
TSEM,Tower Semiconductor Ltd.,Technology,4712294400,783178200
TSRI,Unavailable,Unavailable,Unavailable,Unavailable
TSSI,"TSS, Inc.",Technology,187194448,1128000600
TTEC,"TTEC Holdings, Inc.",Technology,247687040,838906200
TTEK,"Tetra Tech, Inc.",Industrials,13094024192,692980200
TTGT,"TechTarget, Inc.",Communication Services,810030400,1179408600
TTMI,"TTM Technologies, Inc.",Technology,2252097536,969888600
TTOO,"T2 Biosystems, Inc.",Healthcare,14873732,1407418200
TWER,Towerstream Corporation,Communication Services,197204,1169649000
TWIN,"Twin Disc, Incorporated",Industrials,164738224,322151400
TWOU,Unavailable,Unavailable,Unavailable,Unavailable
TXN,Texas Instruments Incorporated,Technology,186931511296,76253400
TXRH,"Texas Roadhouse, Inc.",Consumer Cyclical,12510228480,1096983000
TYL,"Tyler Technologies, Inc.",Technology,25796855808,322151400
TZOO,Travelzoo,Communication Services,216184624,1030541400
UBCP,"United Bancorp, Inc.",Financial Services,76431288,731082600
UBFO,United Security Bancshares,Financial Services,151794160,920471400
UBOH,"United Bancshares, Inc.",Financial Services,61332588,1723728600
UBSI,"United Bankshares, Inc.",Financial Services,5085661696,549811800
UCBA,United Community Bancorp,Unavailable,Unavailable,1143815400
UCBI,Unavailable,Unavailable,Unavailable,Unavailable
UCTT,"Ultra Clean Holdings, Inc.",Technology,1546913280,1080225000
UEIC,Universal Electronics Inc.,Technology,108382168,729527400
UFCS,"United Fire Group, Inc.",Financial Services,493800576,322237800
UFPI,"UFP Industries, Inc.",Basic Materials,7497849344,752941800
UFPT,"UFP Technologies, Inc.",Healthcare,2092452608,756138600
UHS,"Universal Health Services, Inc.",Healthcare,13693550592,363533400
UIHC,Unavailable,Unavailable,Unavailable,Unavailable
ULBI,Ultralife Corporation,Industrials,142129216,725121000
ULTR,IQ Ultra Short Duration ETF,Unavailable,Unavailable,1564493400
UMBF,UMB Financial Corporation,Financial Services,5283890688,322151400
UMPQ,Unavailable,Unavailable,Unavailable,Unavailable
UNAM,Unico American Corporation,Financial Services,291767,529853400
UNB,"Union Bankshares, Inc.",Financial Services,127573136,934205400
UNFI,"United Natural Foods, Inc.",Consumer Defensive,1224979200,846858600
UNTY,"Unity Bancorp, Inc.",Financial Services,385028416,853252200
UPLD,"Upland Software, Inc.",Technology,58075944,1415284200
URBN,"Urban Outfitters, Inc.",Consumer Cyclical,3292770048,752855400
USAP,"Universal Stainless & Alloy Products, Inc.",Basic Materials,408712096,787415400
USEG,U.S. Energy Corp.,Energy,37029960,322151400
USLM,"United States Lime & Minerals, Inc.",Basic Materials,3101337856,322151400
UTHR,United Therapeutics Corporation,Healthcare,16697935872,929626200
UTMD,"Utah Medical Products, Inc.",Healthcare,220502912,920903400
UTSI,UTStarcom Holdings Corp.,Technology,26797018,952093800
UVSP,Univest Financial Corporation,Financial Services,807683008,892733400
V,Visa Inc.,Financial Services,564526907392,1205933400
VALU,"Value Line, Inc.",Financial Services,453762624,421421400
VBFC,Village Bank and Trust Financial Corp.,Financial Services,115052560,828369000
VBIV,Unavailable,Unavailable,Unavailable,Unavailable
VBLT,Unavailable,Unavailable,Unavailable,Unavailable
VBTX,"Veritex Holdings, Inc.",Financial Services,1471675392,1412861400
VCEL,Vericel Corporation,Healthcare,2156838656,855066600
VCYT,"Veracyte, Inc.",Healthcare,2635423232,1383139800
VECO,Veeco Instruments Inc.,Technology,1634834432,786119400
VICR,Vicor Corporation,Technology,2077950976,639149400
VIDE,Video Display Corporation,Technology,6172204,474647400
VIEWF,"Viewtran Group, Inc.",Financial Services,17653800,783613800
VIVO,Unavailable,Unavailable,Unavailable,Unavailable
VLGEA,"Village Super Market, Inc.",Consumer Defensive,426484160,99153000
VLNSF,Velan Inc.,Industrials,178897920,1370352600
VLY,Valley National Bancorp,Financial Services,4797163008,638202600
VNDA,Vanda Pharmaceuticals Inc.,Healthcare,271630464,1144848600
VNET,"VNET Group, Inc.",Technology,907684416,1303392600
VNOM,"Viper Energy, Inc.",Energy,9825796096,1403098200
VOD,Vodafone Group Public Limited Company,Communication Services,24369747968,594484200
VOXX,VOXX International Corporation,Technology,173965200,700756200
VRA,"Vera Bradley, Inc.",Consumer Cyclical,142258032,1287667800
VRNS,"Varonis Systems, Inc.",Technology,5761889280,1393597800
VRNT,Verint Systems Inc.,Technology,1330637952,1021555800
VRSK,"Verisk Analytics, Inc.",Industrials,38900809728,1254922200
VRSN,"VeriSign, Inc.",Technology,16978947072,886170600
VRTB,Unavailable,Unavailable,Unavailable,Unavailable
VRTS,"Virtus Investment Partners, Inc.",Financial Services,1537234048,1230906600
VRTX,Vertex Pharmaceuticals Incorporated,Healthcare,121597009920,680362200
VSAT,"Viasat, Inc.",Technology,1213900544,849623400
VSEC,VSE Corporation,Industrials,2109140992,404141400
VSTM,"Verastem, Inc.",Healthcare,157755312,1327674600
VTNR,"Vertex Energy, Inc.",Energy,4872095,978445800
VTR,"Ventas, Inc.",Real Estate,26918400000,862839000
WABC,Westamerica Bancorporation,Financial Services,1374318720,322151400
WAFD,"WaFd, Inc.",Financial Services,2726565632,405700200
WASH,"Washington Trust Bancorp, Inc.",Financial Services,582544384,550157400
WATT,Energous Corporation,Technology,3941024,1396013400
WAYN,Unavailable,Unavailable,Unavailable,Unavailable
WB,Weibo Corporation,Communication Services,2215852800,1397741400
WBA,"Walgreens Boots Alliance, Inc.",Healthcare,8179277312,322151400
WDC,Western Digital Corporation,Technology,22775242752,278692200
WEB,"Web.com Group, Inc.",Unavailable,Unavailable,1130941800
WEN,The Wendy's Company,Consumer Cyclical,4007592448,326467800
WERN,"Werner Enterprises, Inc.",Industrials,2320264960,519658200
WETF,Unavailable,Unavailable,Unavailable,Unavailable
WEYS,"Weyco Group, Inc.",Consumer Cyclical,320405344,322151400
WHF,"WhiteHorse Finance, Inc.",Financial Services,270084832,1354804200
WHLM,"Wilhelmina International, Inc.",Industrials,17122368,838733400
WHLR,"Wheeler Real Estate Investment Trust, Inc.",Real Estate,8020447,1353335400
WINA,Winmark Corporation,Consumer Cyclical,1354227456,746285400
WIRE,Unavailable,Unavailable,Unavailable,Unavailable
WIX,Wix.com Ltd.,Technology,8987486208,1383748200
WLDN,"Willdan Group, Inc.",Industrials,611275392,1164119400
WLFC,Willis Lease Finance Corporation,Industrials,1315706112,843053400
WLKR,Walker Innovation Inc.,Unavailable,Unavailable,1119879000
WNDLF,Wendel,Financial Services,4232815872,1287149400
WOOF,"Petco Health and Wellness Company, Inc.",Consumer Cyclical,1231867392,1610634600
WRLD,World Acceptance Corporation,Financial Services,661070848,691165800
WSBC,"WesBanco, Inc.",Financial Services,2109817856,547479000
WSBF,"Waterstone Financial, Inc.",Financial Services,286607488,1128519000
WSCI,"WSI Industries, Inc.",Unavailable,Unavailable,76253400
WSFS,WSFS Financial Corporation,Financial Services,2930398208,533399400
WSTG,Unavailable,Unavailable,Unavailable,Unavailable
WSTL,"Westell Technologies, Inc.",Technology,18590310,817828200
WTBA,"West Bancorporation, Inc.",Financial Services,358871040,925738200
WTFC,Wintrust Financial Corporation,Financial Services,7604818944,892733400
WVFC,WVS Financial Corp.,Financial Services,20832874,754583400
WVVI,"Willamette Valley Vineyards, Inc.",Consumer Defensive,17127628,779549400
WWD,"Woodward, Inc.",Industrials,9624222720,765466200
WWSG,"Worldwide Strategies, Inc.",Financial Services,2658,934291800
WYNN,"Wynn Resorts, Limited",Consumer Cyclical,10619714560,1035552600
XCRA,Xcerra Corporation,Unavailable,Unavailable,381508200
XENE,Xenon Pharmaceuticals Inc.,Healthcare,3158621696,1415197800
XNCR,"Xencor, Inc.",Healthcare,1486652288,1386081000
XNET,Xunlei Limited,Technology,121616192,1403616600
XOMA,XOMA Royalty Corporation,Healthcare,355582688,518448600
XONE,Bondbloxx Bloomberg One Year Target Duration US Treasury ETF,Unavailable,Unavailable,1663335000
XPLR,Xplore Technologies Corp.,Unavailable,Unavailable,867072600
XTLB,XTL Biopharmaceuticals Ltd.,Healthcare,12805290,1125581400
YNDX,Unavailable,Unavailable,Unavailable,Unavailable
YORW,The York Water Company,Utilities,506694880,925738200
YY,JOYY Inc.,Communication Services,1890347520,1353508200
Z,"Zillow Group, Inc.",Communication Services,13827254272,1438608600
ZAZA,ZaZa Energy Corporation,Unavailable,345403,1329921000
ZBRA,Zebra Technologies Corporation,Technology,19839731712,682263000
ZEUS,"Olympic Steel, Inc.",Basic Materials,384850528,763309800
ZION,"Zions Bancorporation, National Association",Financial Services,7597636608,322151400
ZOES,"Zoe's Kitchen, Inc.",Unavailable,Unavailable,1397223000
ZUMZ,Zumiez Inc.,Consumer Cyclical,374214368,1115386200
